use db_pdi;

INSERT INTO servidor values("PE111111","mail@mail.com","Usuario Teste",1,"603420a8b178996547d9f36c21280312abaa916bf994ef85cc58702d46ffad3966e1b524abe40db3ef6b9f0817e85fac8b1d8c4dead85457a62442351049a240","PROFESSOR");
INSERT INTO lotacao(idLotacao, descricao) values (1,"Informática");

INSERT INTO area (idArea, descricao) values (1, "ARQ");
INSERT INTO area (idArea, descricao) values (2, "ART");
INSERT INTO area (idArea, descricao) values (3, "COCIV");
INSERT INTO area (idArea, descricao) values (4, "INFAR");
INSERT INTO area (idArea, descricao) values (5, "INFPB");
INSERT INTO area (idArea, descricao) values (6, "ADM");
INSERT INTO area (idArea, descricao) values (7, "BIO");
INSERT INTO area (idArea, descricao) values (8, "CAR");
INSERT INTO area (idArea, descricao) values (9, "DIR");
INSERT INTO area (idArea, descricao) values (10, "EFI");
INSERT INTO area (idArea, descricao) values (11, "ELE");
INSERT INTO area (idArea, descricao) values (12, "ELO");
INSERT INTO area (idArea, descricao) values (13, "FIL");
INSERT INTO area (idArea, descricao) values (14, "FIS");
INSERT INTO area (idArea, descricao) values (15, "GEO");
INSERT INTO area (idArea, descricao) values (16, "HIS");
INSERT INTO area (idArea, descricao) values (17, "LETPE");
INSERT INTO area (idArea, descricao) values (18, "LETPI");
INSERT INTO area (idArea, descricao) values (19, "LETPL");
INSERT INTO area (idArea, descricao) values (20, "MAT");
INSERT INTO area (idArea, descricao) values (21, "MEC");
INSERT INTO area (idArea, descricao) values (22, "PED");
INSERT INTO area (idArea, descricao) values (23, "QUI");
INSERT INTO area (idArea, descricao) values (24, "SOC");

INSERT INTO servidor_simulacao(idProfessor, nome, idArea, idLotacao, tipo, status) VALUES(1,	'Antonio Marcos Tome',	6, 1, 'PROFESSOR', 1);
INSERT INTO servidor_simulacao(idProfessor, nome, idArea, idLotacao, tipo, status) VALUES(2,	'Bruno Teremussi Neto',	6, 1, 'PROFESSOR', 1);
INSERT INTO servidor_simulacao(idProfessor, nome, idArea, idLotacao, tipo, status) VALUES(3,	'Douglas Fernando dos Santos Godoy',	6, 1, 'PROFESSOR', 1);
INSERT INTO servidor_simulacao(idProfessor, nome, idArea, idLotacao, tipo, status) VALUES(4,	'Fernanda Neves Iadocicco',	6, 1, 'PROFESSOR', 1);
INSERT INTO servidor_simulacao(idProfessor, nome, idArea, idLotacao, tipo, status) VALUES(5,	'Paulo Roberto Rosa',	6, 1, 'PROFESSOR', 1);
INSERT INTO servidor_simulacao(idProfessor, nome, idArea, idLotacao, tipo, status) VALUES(6,	'Fabricia Mitiko Ikuta',	1, 1, 'PROFESSOR', 1);
INSERT INTO servidor_simulacao(idProfessor, nome, idArea, idLotacao, tipo, status) VALUES(7,	'Natalia Gerlack Guerrer',	1, 1, 'PROFESSOR', 1);
INSERT INTO servidor_simulacao(idProfessor, nome, idArea, idLotacao, tipo, status) VALUES(8,	'Veronica de Freitas',	1, 1, 'PROFESSOR', 1);
INSERT INTO servidor_simulacao(idProfessor, nome, idArea, idLotacao, tipo, status) VALUES(9,	'Monique Priscila de Abreu Reis',	2, 1, 'PROFESSOR', 1);
INSERT INTO servidor_simulacao(idProfessor, nome, idArea, idLotacao, tipo, status) VALUES(10,	'Patricia da Silva Nunes',	7, 1, 'PROFESSOR', 1);
INSERT INTO servidor_simulacao(idProfessor, nome, idArea, idLotacao, tipo, status) VALUES(11,	'Thiago Statella',	8, 1, 'PROFESSOR', 1);
INSERT INTO servidor_simulacao(idProfessor, nome, idArea, idLotacao, tipo, status) VALUES(12,	'Bruno do Vale Silva',	3, 1, 'PROFESSOR', 1);
INSERT INTO servidor_simulacao(idProfessor, nome, idArea, idLotacao, tipo, status) VALUES(13,	'Evaldo Xavier Martins',	3, 1, 'PROFESSOR', 1);
INSERT INTO servidor_simulacao(idProfessor, nome, idArea, idLotacao, tipo, status) VALUES(14,	'Gladston Ferraz da Silva',	3, 1, 'PROFESSOR', 1);
INSERT INTO servidor_simulacao(idProfessor, nome, idArea, idLotacao, tipo, status) VALUES(15,	'Lucas Henrique Pereira Silva',	3, 1, 'PROFESSOR', 1);
INSERT INTO servidor_simulacao(idProfessor, nome, idArea, idLotacao, tipo, status) VALUES(16,	'Rosana Abbud Olivete',	9, 1, 'PROFESSOR', 1);
INSERT INTO servidor_simulacao(idProfessor, nome, idArea, idLotacao, tipo, status) VALUES(17,	'Jose Ricardo Silva',	10, 1, 'PROFESSOR', 1);
INSERT INTO servidor_simulacao(idProfessor, nome, idArea, idLotacao, tipo, status) VALUES(18,	'Alexandre Ataide Carniato',	11, 1, 'PROFESSOR', 1);
INSERT INTO servidor_simulacao(idProfessor, nome, idArea, idLotacao, tipo, status) VALUES(19,	'Fernando Barros Rodrigues',	11, 1, 'PROFESSOR', 1);
INSERT INTO servidor_simulacao(idProfessor, nome, idArea, idLotacao, tipo, status) VALUES(20,	'Haislan Ranelli Santana Bernardes',	11, 1, 'PROFESSOR', 1);
INSERT INTO servidor_simulacao(idProfessor, nome, idArea, idLotacao, tipo, status) VALUES(21,	'Italo Alves Montorio Junior',	11, 1, 'PROFESSOR', 1);
INSERT INTO servidor_simulacao(idProfessor, nome, idArea, idLotacao, tipo, status) VALUES(22,	'Jose Guilherme Magalini Santos Decanini',	11, 1, 'PROFESSOR', 1);
INSERT INTO servidor_simulacao(idProfessor, nome, idArea, idLotacao, tipo, status) VALUES(23,	'Leonardo Ataide Carniato',	11, 1, 'PROFESSOR', 1);
INSERT INTO servidor_simulacao(idProfessor, nome, idArea, idLotacao, tipo, status) VALUES(24,	'Ricardo Fernando Nunes',	11, 1, 'PROFESSOR', 1);
INSERT INTO servidor_simulacao(idProfessor, nome, idArea, idLotacao, tipo, status) VALUES(25,	'Tiago Veronese Ortunho',	11, 1, 'PROFESSOR', 1);
INSERT INTO servidor_simulacao(idProfessor, nome, idArea, idLotacao, tipo, status) VALUES(26,	'Ana Carolina Bueno Borges',	12, 1, 'PROFESSOR', 1);
INSERT INTO servidor_simulacao(idProfessor, nome, idArea, idLotacao, tipo, status) VALUES(27,	'Andryos da Silva Lemes',	12, 1, 'PROFESSOR', 1);
INSERT INTO servidor_simulacao(idProfessor, nome, idArea, idLotacao, tipo, status) VALUES(28,	'Davi Carnieto',	12, 1, 'PROFESSOR', 1);
INSERT INTO servidor_simulacao(idProfessor, nome, idArea, idLotacao, tipo, status) VALUES(29,	'Joao Domingos Augusto dos Santos Pereira',	12, 1, 'PROFESSOR', 1);
INSERT INTO servidor_simulacao(idProfessor, nome, idArea, idLotacao, tipo, status) VALUES(30,	'Maicon José Fortunato', 13, 1, 'PROFESSOR', 1);
INSERT INTO servidor_simulacao(idProfessor, nome, idArea, idLotacao, tipo, status) VALUES(31,	'Cleber Aparecido Rocha Dantas',	14, 1, 'PROFESSOR', 1);
INSERT INTO servidor_simulacao(idProfessor, nome, idArea, idLotacao, tipo, status) VALUES(32,	'Donizete Aparecido Buscatti Junior',	14, 1, 'PROFESSOR', 1);
INSERT INTO servidor_simulacao(idProfessor, nome, idArea, idLotacao, tipo, status) VALUES(33,	'Herivelto Fernandes Rocha',	15, 1, 'PROFESSOR', 1);
INSERT INTO servidor_simulacao(idProfessor, nome, idArea, idLotacao, tipo, status) VALUES(34,	'Leandro Antonio Guirro',	16, 1, 'PROFESSOR', 1);
INSERT INTO servidor_simulacao(idProfessor, nome, idArea, idLotacao, tipo, status) VALUES(35,	'Kleber Manrique Trevisani',	4, 1, 'PROFESSOR', 1);
INSERT INTO servidor_simulacao(idProfessor, nome, idArea, idLotacao, tipo, status) VALUES(36,	'Marcelo Alexandre da Cruz Ismael',	4, 1, 'PROFESSOR', 1);
INSERT INTO servidor_simulacao(idProfessor, nome, idArea, idLotacao, tipo, status) VALUES(37,	'Ricardo Cesar Camara Ferrari',	4, 1, 'PROFESSOR', 1);
INSERT INTO servidor_simulacao(idProfessor, nome, idArea, idLotacao, tipo, status) VALUES(38,	'Andrea Padovan Jubileu',	5, 1, 'PROFESSOR', 1);
INSERT INTO servidor_simulacao(idProfessor, nome, idArea, idLotacao, tipo, status) VALUES(39,	'Andre Luis Olivete',	5, 1, 'PROFESSOR', 1);
INSERT INTO servidor_simulacao(idProfessor, nome, idArea, idLotacao, tipo, status) VALUES(40,	'Bruno Cesar Vani',	5, 1, 'PROFESSOR', 1);
INSERT INTO servidor_simulacao(idProfessor, nome, idArea, idLotacao, tipo, status) VALUES(41,	'Cesar Alberto da Silva',	5, 1, 'PROFESSOR', 1);
INSERT INTO servidor_simulacao(idProfessor, nome, idArea, idLotacao, tipo, status) VALUES(42,	'Claudio Maximiliano Zaina',	5, 1, 'PROFESSOR', 1);
INSERT INTO servidor_simulacao(idProfessor, nome, idArea, idLotacao, tipo, status) VALUES(43,	'Danilo Codeco Carvalho',	5, 1, 'PROFESSOR', 1);
INSERT INTO servidor_simulacao(idProfessor, nome, idArea, idLotacao, tipo, status) VALUES(44,	'Marcelo Roberto Zorzan',	5, 1, 'PROFESSOR', 1);
INSERT INTO servidor_simulacao(idProfessor, nome, idArea, idLotacao, tipo, status) VALUES(45,	'Marcia Jani Cicero do Nascimento',	5, 1, 'PROFESSOR', 1);
INSERT INTO servidor_simulacao(idProfessor, nome, idArea, idLotacao, tipo, status) VALUES(46,	'Melissa Marchiani Palone Zanatta',	5, 1, 'PROFESSOR', 1);
INSERT INTO servidor_simulacao(idProfessor, nome, idArea, idLotacao, tipo, status) VALUES(47,	'Vilson Francisco Maziero',	5, 1, 'PROFESSOR', 1);
INSERT INTO servidor_simulacao(idProfessor, nome, idArea, idLotacao, tipo, status) VALUES(48,	'Cleomar Pinheiro Sotta',	17, 1, 'PROFESSOR', 1);
INSERT INTO servidor_simulacao(idProfessor, nome, idArea, idLotacao, tipo, status) VALUES(49,	'Gislene Aparecida da Silva Barbosa',	17, 1, 'PROFESSOR', 1);
INSERT INTO servidor_simulacao(idProfessor, nome, idArea, idLotacao, tipo, status) VALUES(50,	'Maria Alzira de Souza Santos',	17, 1, 'PROFESSOR', 1);
INSERT INTO servidor_simulacao(idProfessor, nome, idArea, idLotacao, tipo, status) VALUES(51,	'Anita Luisa Fregonesi de Moraes',	18, 1, 'PROFESSOR', 1);
INSERT INTO servidor_simulacao(idProfessor, nome, idArea, idLotacao, tipo, status) VALUES(52,	'Elaine Sant Ana Carneiro',	18, 1, 'PROFESSOR', 1);
INSERT INTO servidor_simulacao(idProfessor, nome, idArea, idLotacao, tipo, status) VALUES(53,	'Elisangela de Souza',	18, 1, 'PROFESSOR', 1);
INSERT INTO servidor_simulacao(idProfessor, nome, idArea, idLotacao, tipo, status) VALUES(54,	'Herlon Xavier Silva',	18, 1, 'PROFESSOR', 1);
INSERT INTO servidor_simulacao(idProfessor, nome, idArea, idLotacao, tipo, status) VALUES(55,	'Jessica Kurak Ponciano',	18, 1, 'PROFESSOR', 1);
INSERT INTO servidor_simulacao(idProfessor, nome, idArea, idLotacao, tipo, status) VALUES(56,	'Rafael Straiotto Mindin',	19, 1, 'PROFESSOR', 1);
INSERT INTO servidor_simulacao(idProfessor, nome, idArea, idLotacao, tipo, status) VALUES(57,	'Cleber Luiz da Cunha',	20, 1, 'PROFESSOR', 1);
INSERT INTO servidor_simulacao(idProfessor, nome, idArea, idLotacao, tipo, status) VALUES(58,	'Diego Nunes da Silva',	20, 1, 'PROFESSOR', 1);
INSERT INTO servidor_simulacao(idProfessor, nome, idArea, idLotacao, tipo, status) VALUES(59,	'Enio Freire de Paula',	20, 1, 'PROFESSOR', 1);
INSERT INTO servidor_simulacao(idProfessor, nome, idArea, idLotacao, tipo, status) VALUES(60,	'Fabricio Fernando Alves',	20, 1, 'PROFESSOR', 1);
INSERT INTO servidor_simulacao(idProfessor, nome, idArea, idLotacao, tipo, status) VALUES(61,	'Marcos do Nascimento',	20, 1, 'PROFESSOR', 1);
INSERT INTO servidor_simulacao(idProfessor, nome, idArea, idLotacao, tipo, status) VALUES(62,	'Charles de Souza Silva',	21, 1, 'PROFESSOR', 1);
INSERT INTO servidor_simulacao(idProfessor, nome, idArea, idLotacao, tipo, status) VALUES(63,	'Willians Franca Leite',	21, 1, 'PROFESSOR', 1);
INSERT INTO servidor_simulacao(idProfessor, nome, idArea, idLotacao, tipo, status) VALUES(64,	'Aleteia 11uterio Alves Chevbotar',	22, 1, 'PROFESSOR', 1);
INSERT INTO servidor_simulacao(idProfessor, nome, idArea, idLotacao, tipo, status) VALUES(65,	'Aline Pereira Lima',	22, 1, 'PROFESSOR', 1);
INSERT INTO servidor_simulacao(idProfessor, nome, idArea, idLotacao, tipo, status) VALUES(66,	'Fernanda Cristina de Souza',	22, 1, 'PROFESSOR', 1);
INSERT INTO servidor_simulacao(idProfessor, nome, idArea, idLotacao, tipo, status) VALUES(67,	'Juliana Aparecida Matias Zechi',	22, 1, 'PROFESSOR', 1);
INSERT INTO servidor_simulacao(idProfessor, nome, idArea, idLotacao, tipo, status) VALUES(68,	'Tamara de Lima',	22, 1, 'PROFESSOR', 1);
INSERT INTO servidor_simulacao(idProfessor, nome, idArea, idLotacao, tipo, status) VALUES(69,	'Subst.',	23, 1, 'PROFESSOR', 1);
INSERT INTO servidor_simulacao(idProfessor, nome, idArea, idLotacao, tipo, status) VALUES(70,	'Elisangela de Jesus Santos',	24, 1, 'PROFESSOR', 1);


insert into curso(idCurso, sigla, descricao, semestre, status, idLotacao) VALUES (1,"BEER","Bacharelado em Engenharia Elétrica Reformulado", "AMBOS", 1, 1);
insert into curso(idCurso, sigla, descricao, semestre, status, idLotacao) VALUES (2,"TEDR","Técnico em Edificações Reformulado", "AMBOS", 1, 1);
insert into curso(idCurso, sigla, descricao, semestre, status, idLotacao) VALUES (3,"TDI","Técnico em Informática", "AMBOS", 1, 1);
insert into curso(idCurso,sigla,descricao,semestre,status, idLotacao) VALUES (4,"TII","Técnico Integrado de Informática", "AMBOS", 1, 1);
insert into curso(idCurso,sigla,descricao,semestre,status, idLotacao) VALUES (5,"TIM","Ténico Integrado de Mecatrônica", "AMBOS", 1, 1);
insert into curso(idCurso,sigla,descricao,semestre,status, idLotacao) VALUES (6,"CLPR","Curso LPR", "AMBOS", 1, 1);
insert into curso(idCurso,sigla,descricao,semestre,status, idLotacao) VALUES (7,"CLL","Curso de Letras", "AMBOS", 1, 1);
insert into curso(idCurso, sigla, descricao, semestre, status, idLotacao) VALUES (8,"BCCR","Bacharelado Ciencia da Computação Reformulado", "AMBOS", 1, 1);
insert into curso(idCurso, sigla, descricao, semestre, status, idLotacao) VALUES (9,"PRO","Projeto Reformulado", "AMBOS", 1, 1);
insert into curso(idCurso, sigla, descricao, semestre, status, idLotacao) VALUES (10,"TPG","Técnico em processos gerenciais", "AMBOS", 1, 1);
insert into curso(idCurso, sigla, descricao, semestre, status, idLotacao) VALUES (11,"TER","Técnico em ER", "AMBOS", 1, 1);
insert into curso(idCurso, sigla, descricao, semestre, status, idLotacao) VALUES (12,"TEL","Técnico em eletronica", "AMBOS", 1, 1);
insert into curso(idCurso, sigla, descricao, semestre, status, idLotacao) VALUES (13,"TED","Técnico em edificações", "AMBOS", 1, 1);
insert into curso(idCurso, sigla, descricao, semestre, status, idLotacao) VALUES (14,"TCO","Técnico em CO", "AMBOS", 1, 1);
insert into curso(idCurso, sigla, descricao, semestre, status, idLotacao) VALUES (15,"TAD","Técnico em administração", "AMBOS", 1, 1);
insert into curso(idCurso, sigla, descricao, semestre, status, idLotacao) VALUES (16,"BCC","Bacharelado Ciencia da Computação", "AMBOS", 1, 1);
insert into curso(idCurso, sigla, descricao, semestre, status, idLotacao) VALUES (17,"TIMR","Técnico integrado em mecatronica reformulado", "AMBOS", 1, 1);
insert into curso(idCurso, sigla, descricao, semestre, status, idLotacao) VALUES (18,"TIIR","Técnico integrado em informatica reformulado", "AMBOS", 1, 1);


INSERT INTO disciplina(idDisciplina, cargaHoraria, cargaHorariaParcial, nome, regencia, semestre, sigla, status, idArea, idArea2, idCurso) VALUES (1, 2, 0,"Gestão Empresarial e Empreendedorismo","SEM REGÊNCIA", "AMBOS", "PEPGEEP", 1, 6, null, 4);
INSERT INTO disciplina(idDisciplina, cargaHoraria, cargaHorariaParcial, nome, regencia, semestre, sigla, status, idArea, idArea2, idCurso) VALUES (2, 2, 0,"Empreendedorismo e Produção Textual","INTEGRAL", "AMBOS", "PEPEMPT", 1, 6, 17, 5);
INSERT INTO disciplina(idDisciplina, cargaHoraria, cargaHorariaParcial, nome, regencia, semestre, sigla, status, idArea, idArea2, idCurso) VALUES (3, 2, 0,"Fundamentos de Administração","SEM REGÊNCIA", "IMPAR", "PEPFADM", 1, 6, null, 8);
INSERT INTO disciplina(idDisciplina, cargaHoraria, cargaHorariaParcial, nome, regencia, semestre, sigla, status, idArea, idArea2, idCurso) VALUES (4, 2, 0,"Gestão de Processos de Negócios","SEM REGÊNCIA", "PAR", "PEPGEN", 1, 6, null, 8);
INSERT INTO disciplina(idDisciplina, cargaHoraria, cargaHorariaParcial, nome, regencia, semestre, sigla, status, idArea, idArea2, idCurso) VALUES (5, 4, 0,"Empreendedorismo e Inovação","SEM REGÊNCIA", "IMPAR", "PEPINOV", 1, 6, null, 8);
INSERT INTO disciplina(idDisciplina, cargaHoraria, cargaHorariaParcial, nome, regencia, semestre, sigla, status, idArea, idArea2, idCurso) VALUES (6, 2, 0,"Administração","SEM REGÊNCIA", "IMPAR", "PEPADMT", 1, 6, null, 1);
INSERT INTO disciplina(idDisciplina, cargaHoraria, cargaHorariaParcial, nome, regencia, semestre, sigla, status, idArea, idArea2, idCurso) VALUES (7, 2, 0,"Empreendedorismo","SEM REGÊNCIA", "IMPAR", "PEPEMPO", 1, 6, null, 1);
INSERT INTO disciplina(idDisciplina, cargaHoraria, cargaHorariaParcial, nome, regencia, semestre, sigla, status, idArea, idArea2, idCurso) VALUES (8, 2, 0,"Economia e Finanças","SEM REGÊNCIA", "PAR", "PEPECFN", 1, 6, null, 1);
INSERT INTO disciplina(idDisciplina, cargaHoraria, cargaHorariaParcial, nome, regencia, semestre, sigla, status, idArea, idArea2, idCurso) VALUES (9, 2, 0,"Gestão de Projetos","SEM REGÊNCIA", "", "PEPGPRI", 1, 6, null, 1);
INSERT INTO disciplina(idDisciplina, cargaHoraria, cargaHorariaParcial, nome, regencia, semestre, sigla, status, idArea, idArea2, idCurso) VALUES (10, 2, 0,"Comunicação Empresarial","SEM REGÊNCIA", "IMPAR", "PEPCOEM", 1, 6, null, 14);
INSERT INTO disciplina(idDisciplina, cargaHoraria, cargaHorariaParcial, nome, regencia, semestre, sigla, status, idArea, idArea2, idCurso) VALUES (11, 2, 0,"Fundamentos de Gestão","SEM REGÊNCIA", "IMPAR", "PEPFGES", 1, 6, null, 14);
INSERT INTO disciplina(idDisciplina, cargaHoraria, cargaHorariaParcial, nome, regencia, semestre, sigla, status, idArea, idArea2, idCurso) VALUES (12, 4, 0,"Marketing e Vendas","SEM REGÊNCIA", "IMPAR", "PEPMKTV", 1, 6, null, 14);
INSERT INTO disciplina(idDisciplina, cargaHoraria, cargaHorariaParcial, nome, regencia, semestre, sigla, status, idArea, idArea2, idCurso) VALUES (13, 2, 0,"Economia","SEM REGÊNCIA", "IMPAR", "PEPCONO", 1, 6, null, 14);
INSERT INTO disciplina(idDisciplina, cargaHoraria, cargaHorariaParcial, nome, regencia, semestre, sigla, status, idArea, idArea2, idCurso) VALUES (14, 4, 0,"Planejamento Empresarial","SEM REGÊNCIA", "PAR", "PEPPEMP", 1, 6, null, 14);
INSERT INTO disciplina(idDisciplina, cargaHoraria, cargaHorariaParcial, nome, regencia, semestre, sigla, status, idArea, idArea2, idCurso) VALUES (15, 2, 0,"Introdução à Contabilidade","SEM REGÊNCIA", "PAR", "PEPCONT", 1, 6, null, 14);
INSERT INTO disciplina(idDisciplina, cargaHoraria, cargaHorariaParcial, nome, regencia, semestre, sigla, status, idArea, idArea2, idCurso) VALUES (16, 2, 0,"Gestão de Processos","SEM REGÊNCIA", "PAR", "PEPGESP", 1, 6, null, 14);
INSERT INTO disciplina(idDisciplina, cargaHoraria, cargaHorariaParcial, nome, regencia, semestre, sigla, status, idArea, idArea2, idCurso) VALUES (17, 2, 0,"Gestão da Produção e Operações","SEM REGÊNCIA", "PAR", "PEPPROD", 1, 6, null, 14);
INSERT INTO disciplina(idDisciplina, cargaHoraria, cargaHorariaParcial, nome, regencia, semestre, sigla, status, idArea, idArea2, idCurso) VALUES (18, 4, 0,"Sistemas de Informação e Comércio Eletrônico","SEM REGÊNCIA", "PAR", "PEPSICE", 1, 6, null, 14);
INSERT INTO disciplina(idDisciplina, cargaHoraria, cargaHorariaParcial, nome, regencia, semestre, sigla, status, idArea, idArea2, idCurso) VALUES (19, 2, 0,"Atendimento ao Cliente","SEM REGÊNCIA", "PAR", "PEPATED", 1, 6, null, 14);
INSERT INTO disciplina(idDisciplina, cargaHoraria, cargaHorariaParcial, nome, regencia, semestre, sigla, status, idArea, idArea2, idCurso) VALUES (20, 2, 0,"Empreendedorismo e Inovação","SEM REGÊNCIA", "IMPAR", "PEPEMPI", 1, 6, null, 14);
INSERT INTO disciplina(idDisciplina, cargaHoraria, cargaHorariaParcial, nome, regencia, semestre, sigla, status, idArea, idArea2, idCurso) VALUES (21, 2, 0,"Gestão de Materiais e Logística","SEM REGÊNCIA", "IMPAR", "PEPLOGI", 1, 6, null, 14);
INSERT INTO disciplina(idDisciplina, cargaHoraria, cargaHorariaParcial, nome, regencia, semestre, sigla, status, idArea, idArea2, idCurso) VALUES (22, 2, 0,"Gestão de Cursos e Formação de Preços","SEM REGÊNCIA", "IMPAR", "PEPCUST", 1, 6, null, 14);
INSERT INTO disciplina(idDisciplina, cargaHoraria, cargaHorariaParcial, nome, regencia, semestre, sigla, status, idArea, idArea2, idCurso) VALUES (23, 2, 0,"Introdução a Gestão Financeira","SEM REGÊNCIA", "IMPAR", "PEPFINA", 1, 6, null, 14);
INSERT INTO disciplina(idDisciplina, cargaHoraria, cargaHorariaParcial, nome, regencia, semestre, sigla, status, idArea, idArea2, idCurso) VALUES (24, 2, 0,"Gestão de Pessoas e Equipes","SEM REGÊNCIA", "IMPAR", "PEPGPEE", 1, 6, null, 14);
INSERT INTO disciplina(idDisciplina, cargaHoraria, cargaHorariaParcial, nome, regencia, semestre, sigla, status, idArea, idArea2, idCurso) VALUES (25, 2, 0,"Projeto Integrador","INTEGRAL", "IMPAR", "PEPPRIN", 1, 6, 5, 14);
INSERT INTO disciplina(idDisciplina, cargaHoraria, cargaHorariaParcial, nome, regencia, semestre, sigla, status, idArea, idArea2, idCurso) VALUES (26, 2, 0,"Gestão Empresarial e Empreendedorismo","INTEGRAL", "PAR", "PEPGEMP", 1, 6, null, 2);
INSERT INTO disciplina(idDisciplina, cargaHoraria, cargaHorariaParcial, nome, regencia, semestre, sigla, status, idArea, idArea2, idCurso) VALUES (27, 2, 0,"Gestão Empresarial e Empreendedorismo","SEM REGÊNCIA", "PAR", "PEPGEEM", 1, 6, null, 3);
INSERT INTO disciplina(idDisciplina, cargaHoraria, cargaHorariaParcial, nome, regencia, semestre, sigla, status, idArea, idArea2, idCurso) VALUES (28, 2, 0,"Empreendedorismo","SEM REGÊNCIA", "IMPAR", "PEPEMPE", 1, 6, null, 11);
INSERT INTO disciplina(idDisciplina, cargaHoraria, cargaHorariaParcial, nome, regencia, semestre, sigla, status, idArea, idArea2, idCurso) VALUES (29, 4, 0,"Fundamentos de Administração","SEM REGÊNCIA", "IMPAR", "FADG1", 1, 6, null, 10);
INSERT INTO disciplina(idDisciplina, cargaHoraria, cargaHorariaParcial, nome, regencia, semestre, sigla, status, idArea, idArea2, idCurso) VALUES (30, 2, 0,"Atividades de Extensão I","SEM REGÊNCIA", "IMPAR", "EXTG1", 1, 6, null, 10);
INSERT INTO disciplina(idDisciplina, cargaHoraria, cargaHorariaParcial, nome, regencia, semestre, sigla, status, idArea, idArea2, idCurso) VALUES (31, 2, 0,"Contabilidade Financeira","SEM REGÊNCIA", "PAR", "CONG2", 1, 6, null, 10);
INSERT INTO disciplina(idDisciplina, cargaHoraria, cargaHorariaParcial, nome, regencia, semestre, sigla, status, idArea, idArea2, idCurso) VALUES (32, 4, 0,"Gestão Estratégica","SEM REGÊNCIA", "PAR", "ESTG2", 1, 6, null, 10);
INSERT INTO disciplina(idDisciplina, cargaHoraria, cargaHorariaParcial, nome, regencia, semestre, sigla, status, idArea, idArea2, idCurso) VALUES (33, 4, 0,"Atividades De Extensão II","SEM REGÊNCIA", "PAR", "EXTG2", 1, 6, null, 10);
INSERT INTO disciplina(idDisciplina, cargaHoraria, cargaHorariaParcial, nome, regencia, semestre, sigla, status, idArea, idArea2, idCurso) VALUES (34, 4, 0,"Gestão De Pessoas","SEM REGÊNCIA", "IMPAR", "GPEG3", 1, 6, null, 10);
INSERT INTO disciplina(idDisciplina, cargaHoraria, cargaHorariaParcial, nome, regencia, semestre, sigla, status, idArea, idArea2, idCurso) VALUES (35, 2, 0,"Análise Das Demonstrações Contábeis","SEM REGÊNCIA", "IMPAR", "ADCG3", 1, 6, null, 10);
INSERT INTO disciplina(idDisciplina, cargaHoraria, cargaHorariaParcial, nome, regencia, semestre, sigla, status, idArea, idArea2, idCurso) VALUES (36, 4, 0,"Marketing","SEM REGÊNCIA", "IMPAR", "MKTG3", 1, 6, null, 10);
INSERT INTO disciplina(idDisciplina, cargaHoraria, cargaHorariaParcial, nome, regencia, semestre, sigla, status, idArea, idArea2, idCurso) VALUES (37, 2, 0,"Economia","SEM REGÊNCIA", "IMPAR", "ECOG3", 1, 6, null, 10);
INSERT INTO disciplina(idDisciplina, cargaHoraria, cargaHorariaParcial, nome, regencia, semestre, sigla, status, idArea, idArea2, idCurso) VALUES (38, 4, 0,"Atividades De Extensão III","SEM REGÊNCIA", "IMPAR", "EXTG3", 1, 6, null, 10);
INSERT INTO disciplina(idDisciplina, cargaHoraria, cargaHorariaParcial, nome, regencia, semestre, sigla, status, idArea, idArea2, idCurso) VALUES (39, 4, 0,"Gestao de Custos e Formação Estratégica de Preços","SEM REGÊNCIA", "PAR", "GCPG4", 1, 6, null, 10);
INSERT INTO disciplina(idDisciplina, cargaHoraria, cargaHorariaParcial, nome, regencia, semestre, sigla, status, idArea, idArea2, idCurso) VALUES (40, 4, 0,"Processos de Gestão da Produção","SEM REGÊNCIA", "PAR", "PROG4", 1, 6, null, 10);
INSERT INTO disciplina(idDisciplina, cargaHoraria, cargaHorariaParcial, nome, regencia, semestre, sigla, status, idArea, idArea2, idCurso) VALUES (41, 2, 0,"Marketing Digital","SEM REGÊNCIA", "PAR", "MKDG4", 1, 6, null, 10);
INSERT INTO disciplina(idDisciplina, cargaHoraria, cargaHorariaParcial, nome, regencia, semestre, sigla, status, idArea, idArea2, idCurso) VALUES (42, 4, 0,"Metodologia de Estudos e Pesquisa em Gestão","SEM REGÊNCIA", "PAR", "METG4", 1, 6, null, 10);
INSERT INTO disciplina(idDisciplina, cargaHoraria, cargaHorariaParcial, nome, regencia, semestre, sigla, status, idArea, idArea2, idCurso) VALUES (43, 2, 0,"Atividades de Extensão IV","SEM REGÊNCIA", "PAR", "EXTG4", 1, 6, null, 10);
INSERT INTO disciplina(idDisciplina, cargaHoraria, cargaHorariaParcial, nome, regencia, semestre, sigla, status, idArea, idArea2, idCurso) VALUES (44, 2, 0,"Finanças Corporativas","SEM REGÊNCIA", "IMPAR", "FING5", 1, 6, null, 10);
INSERT INTO disciplina(idDisciplina, cargaHoraria, cargaHorariaParcial, nome, regencia, semestre, sigla, status, idArea, idArea2, idCurso) VALUES (45, 2, 0,"Gestão do Relacionamento com Clientes","SEM REGÊNCIA", "IMPAR", "GRCG5", 1, 6, null, 10);
INSERT INTO disciplina(idDisciplina, cargaHoraria, cargaHorariaParcial, nome, regencia, semestre, sigla, status, idArea, idArea2, idCurso) VALUES (46, 4, 0,"Gestão de Materiais e Logística","SEM REGÊNCIA", "IMPAR", "GMLG5", 1, 6, null, 10);
INSERT INTO disciplina(idDisciplina, cargaHoraria, cargaHorariaParcial, nome, regencia, semestre, sigla, status, idArea, idArea2, idCurso) VALUES (47, 4, 0,"Empreendedorismo","SEM REGÊNCIA", "IMPAR", "EMPG5", 1, 6, null, 10);
INSERT INTO disciplina(idDisciplina, cargaHoraria, cargaHorariaParcial, nome, regencia, semestre, sigla, status, idArea, idArea2, idCurso) VALUES (48, 2, 0,"Gestão Pública","SEM REGÊNCIA", "IMPAR", "PUBG5", 1, 6, null, 10);
INSERT INTO disciplina(idDisciplina, cargaHoraria, cargaHorariaParcial, nome, regencia, semestre, sigla, status, idArea, idArea2, idCurso) VALUES (49, 4, 0,"Gestão de Tecnologia da Informação e Comunicação","SEM REGÊNCIA", "PAR", "GTIG6", 1, 6, null, 10);
INSERT INTO disciplina(idDisciplina, cargaHoraria, cargaHorariaParcial, nome, regencia, semestre, sigla, status, idArea, idArea2, idCurso) VALUES (50, 2, 0,"Gestão de Organizações do Terceiro Setor","SEM REGÊNCIA", "PAR", "OTSG6", 1, 6, null, 10);
INSERT INTO disciplina(idDisciplina, cargaHoraria, cargaHorariaParcial, nome, regencia, semestre, sigla, status, idArea, idArea2, idCurso) VALUES (51, 2, 0,"Gestão de Projetos e Inovação","SEM REGÊNCIA", "PAR", "GPIG6", 1, 6, null, 10);
INSERT INTO disciplina(idDisciplina, cargaHoraria, cargaHorariaParcial, nome, regencia, semestre, sigla, status, idArea, idArea2, idCurso) VALUES (52, 2, 0,"Gestão do Conhecimento","SEM REGÊNCIA", "PAR", "CONG6", 1, 6, null, 10);


INSERT INTO disciplina(idDisciplina, cargaHoraria, cargaHorariaParcial, nome, regencia, semestre, sigla, status, idArea, idArea2, idCurso) VALUES (53, 2, 0,"Desenho Técnico","INTEGRAL", "IMPAR", "PEPDEST", 1, 1, 1, 1);
INSERT INTO disciplina(idDisciplina, cargaHoraria, cargaHorariaParcial, nome, regencia, semestre, sigla, status, idArea, idArea2, idCurso) VALUES (54, 2, 0,"Desenho Aplicado à Engenharia Elétrica","SEM REGÊNCIA", "PAR", "PEPDESA", 1, 1, null, 1);
INSERT INTO disciplina(idDisciplina, cargaHoraria, cargaHorariaParcial, nome, regencia, semestre, sigla, status, idArea, idArea2, idCurso) VALUES (55, 4, 0,"Desenho Assistido por Computador I","INTEGRAL", "IMPAR", "PEPDAC1", 1, 1, null, 2);
INSERT INTO disciplina(idDisciplina, cargaHoraria, cargaHorariaParcial, nome, regencia, semestre, sigla, status, idArea, idArea2, idCurso) VALUES (56, 4, 0,"Desenho Técnico","INTEGRAL", "IMPAR", "PEPDTEC", 1, 1, null, 2);
INSERT INTO disciplina(idDisciplina, cargaHoraria, cargaHorariaParcial, nome, regencia, semestre, sigla, status, idArea, idArea2, idCurso) VALUES (57, 2, 0,"Desenho Assistido por Computador II","INTEGRAL", "PAR", "PEPDAC2", 1, 1, 8, 2);
INSERT INTO disciplina(idDisciplina, cargaHoraria, cargaHorariaParcial, nome, regencia, semestre, sigla, status, idArea, idArea2, idCurso) VALUES (58, 4, 0,"Projetos de Edificação I","INTEGRAL", "PAR", "PEPPRO1", 1, 1, 3, 2);
INSERT INTO disciplina(idDisciplina, cargaHoraria, cargaHorariaParcial, nome, regencia, semestre, sigla, status, idArea, idArea2, idCurso) VALUES (59, 4, 0,"Projeto de Edificações II","INTEGRAL", "IMPAR", "PEPRO2", 1, 1, 3, 2);
INSERT INTO disciplina(idDisciplina, cargaHoraria, cargaHorariaParcial, nome, regencia, semestre, sigla, status, idArea, idArea2, idCurso) VALUES (60, 2, 0,"Impactos Ambientais","INTEGRAL", "PAR", "PEPIAMB", 1, 1, null, 2);
INSERT INTO disciplina(idDisciplina, cargaHoraria, cargaHorariaParcial, nome, regencia, semestre, sigla, status, idArea, idArea2, idCurso) VALUES (61, 4, 0,"Desenho Técnico","SEM REGÊNCIA", "IMPAR", "PEPDEST", 1, 1, null, 3);
INSERT INTO disciplina(idDisciplina, cargaHoraria, cargaHorariaParcial, nome, regencia, semestre, sigla, status, idArea, idArea2, idCurso) VALUES (62, 2, 0,"Leitura e Interpretação de Projetos","SEM REGÊNCIA", "IMPAR", "PEPLINP", 1, 1, null, 3);
INSERT INTO disciplina(idDisciplina, cargaHoraria, cargaHorariaParcial, nome, regencia, semestre, sigla, status, idArea, idArea2, idCurso) VALUES (63, 4, 0,"Plástica","SEM REGÊNCIA", "IMPAR", "PEPPLAS", 1, 1, null, 3);
INSERT INTO disciplina(idDisciplina, cargaHoraria, cargaHorariaParcial, nome, regencia, semestre, sigla, status, idArea, idArea2, idCurso) VALUES (64, 4, 0,"Desenho Assistido por Computador","INTEGRAL", "PAR", "PEPDACO", 1, 1, 3, 3);
INSERT INTO disciplina(idDisciplina, cargaHoraria, cargaHorariaParcial, nome, regencia, semestre, sigla, status, idArea, idArea2, idCurso) VALUES (65, 2, 0,"História do Design e do Imobiliário","SEM REGÊNCIA", "PAR", "PEPHDEM", 1, 1, null, 3);
INSERT INTO disciplina(idDisciplina, cargaHoraria, cargaHorariaParcial, nome, regencia, semestre, sigla, status, idArea, idArea2, idCurso) VALUES (66, 4, 0,"Ateliê","SEM REGÊNCIA", "PAR", "PEPATEL", 1, 1, null, 3);
INSERT INTO disciplina(idDisciplina, cargaHoraria, cargaHorariaParcial, nome, regencia, semestre, sigla, status, idArea, idArea2, idCurso) VALUES (67, 4, 0,"Projeto de Interiores Residencial","INTEGRAL", "PAR", "PEPINRE", 1, 1, 3, 3);
INSERT INTO disciplina(idDisciplina, cargaHoraria, cargaHorariaParcial, nome, regencia, semestre, sigla, status, idArea, idArea2, idCurso) VALUES (68, 4, 0,"Maquete Virtual 3D","INTEGRAL", "IMPAR", "PEPMAQV", 1, 1, 3, 3);
INSERT INTO disciplina(idDisciplina, cargaHoraria, cargaHorariaParcial, nome, regencia, semestre, sigla, status, idArea, idArea2, idCurso) VALUES (69, 4, 0,"Projeto de Interiores Comercial e de Serviços","INTEGRAL", "IMPAR", "PEPINCS", 1, 1, 3, 3);
INSERT INTO disciplina(idDisciplina, cargaHoraria, cargaHorariaParcial, nome, regencia, semestre, sigla, status, idArea, idArea2, idCurso) VALUES (70, 2, 0,"Ecodesign","SEM REGÊNCIA", "IMPAR", "PEPECOD", 1, 1, 3, 3);
INSERT INTO disciplina(idDisciplina, cargaHoraria, cargaHorariaParcial, nome, regencia, semestre, sigla, status, idArea, idArea2, idCurso) VALUES (71, 4, 0,"Projeto de Interiores Corporativo e Institucional","INTEGRAL", "IMPAR", "PEPINCI", 1, 1, 3, 3);
INSERT INTO disciplina(idDisciplina, cargaHoraria, cargaHorariaParcial, nome, regencia, semestre, sigla, status, idArea, idArea2, idCurso) VALUES (72, 2, 0,"Ergonomia e Desenho Universal","SEM REGÊNCIA", "PAR", "PEPERGO", 1, 1, null, 3);
INSERT INTO disciplina(idDisciplina, cargaHoraria, cargaHorariaParcial, nome, regencia, semestre, sigla, status, idArea, idArea2, idCurso) VALUES (73, 6, 0,"Projeto Integrador","INTEGRAL", "PAR", "PEPPROJ", 1, 1, 3, 3);


INSERT INTO disciplina(idDisciplina, cargaHoraria, cargaHorariaParcial, nome, regencia, semestre, sigla, status, idArea, idArea2, idCurso) VALUES (74, 2, 0,"Arte 1","SEM REGÊNCIA", "AMBOS", "PEPART1", 1, 2, null, 4);
INSERT INTO disciplina(idDisciplina, cargaHoraria, cargaHorariaParcial, nome, regencia, semestre, sigla, status, idArea, idArea2, idCurso) VALUES (75, 1, 0,"Arte 2","SEM REGÊNCIA", "AMBOS", "PEPART2", 1, 2, null, 4);
INSERT INTO disciplina(idDisciplina, cargaHoraria, cargaHorariaParcial, nome, regencia, semestre, sigla, status, idArea, idArea2, idCurso) VALUES (76, 2, 0,"Arte 3","SEM REGÊNCIA", "AMBOS", "PEPART3", 1, 2, null, 4);
INSERT INTO disciplina(idDisciplina, cargaHoraria, cargaHorariaParcial, nome, regencia, semestre, sigla, status, idArea, idArea2, idCurso) VALUES (77, 2, 0,"Arte","SEM REGÊNCIA", "AMBOS", "PEPART-1", 1, 2, null, 5);
INSERT INTO disciplina(idDisciplina, cargaHoraria, cargaHorariaParcial, nome, regencia, semestre, sigla, status, idArea, idArea2, idCurso) VALUES (78, 1, 0,"Arte","SEM REGÊNCIA", "AMBOS", "PEPART-2", 1, 2, null, 5);
INSERT INTO disciplina(idDisciplina, cargaHoraria, cargaHorariaParcial, nome, regencia, semestre, sigla, status, idArea, idArea2, idCurso) VALUES (79, 2, 0,"Arte","SEM REGÊNCIA", "AMBOS", "PEPART-3", 1, 2, null, 5);
INSERT INTO disciplina(idDisciplina, cargaHoraria, cargaHorariaParcial, nome, regencia, semestre, sigla, status, idArea, idArea2, idCurso) VALUES (80, 2, 0,"Design. Arte, Cultura e Sociedade","SEM REGÊNCIA", "PAR", "PEPCULT", 1, 2, 1, 3);
INSERT INTO disciplina(idDisciplina, cargaHoraria, cargaHorariaParcial, nome, regencia, semestre, sigla, status, idArea, idArea2, idCurso) VALUES (81, 4, 0,"Fundamentos e Metodologias do Ensino da Arte","SEM REGÊNCIA", "IMPAR", "PEPFMEA", 1, 2, null, 6);
INSERT INTO disciplina(idDisciplina, cargaHoraria, cargaHorariaParcial, nome, regencia, semestre, sigla, status, idArea, idArea2, idCurso) VALUES (82, 2, 0,"História da Arte","SEM REGÊNCIA", "PAR", "PEPHIAR", 1, 2, null, 7);


INSERT INTO disciplina(idDisciplina, cargaHoraria, cargaHorariaParcial, nome, regencia, semestre, sigla, status, idArea, idArea2, idCurso) VALUES (83, 2, 0,"Introdução a Construção Civil","INTEGRAL", "IMPAR", "PEPINCC", 1, 3, null, 2);
INSERT INTO disciplina(idDisciplina, cargaHoraria, cargaHorariaParcial, nome, regencia, semestre, sigla, status, idArea, idArea2, idCurso) VALUES (84, 2, 0,"Materiais de Construção Civil II","INTEGRAL", "IMPAR", "PEPMAC1", 1, 3, null, 2);
INSERT INTO disciplina(idDisciplina, cargaHoraria, cargaHorariaParcial, nome, regencia, semestre, sigla, status, idArea, idArea2, idCurso) VALUES (85, 2, 0,"Práticas de Construção Civil I","INTEGRAL", "IMPAR", "PEPPRA1", 1, 3, null, 2);
INSERT INTO disciplina(idDisciplina, cargaHoraria, cargaHorariaParcial, nome, regencia, semestre, sigla, status, idArea, idArea2, idCurso) VALUES (86, 2, 0,"Técnicas de Construção Civil I","INTEGRAL", "IMPAR", "PEPTEC1", 1, 3, null, 2);
INSERT INTO disciplina(idDisciplina, cargaHoraria, cargaHorariaParcial, nome, regencia, semestre, sigla, status, idArea, idArea2, idCurso) VALUES (87, 2, 0,"Materiais de Construção Civil II","INTEGRAL", "PAR", "PEPMAC2", 1, 3, null, 2);
INSERT INTO disciplina(idDisciplina, cargaHoraria, cargaHorariaParcial, nome, regencia, semestre, sigla, status, idArea, idArea2, idCurso) VALUES (88, 2, 0,"Mecânica dos Sólidos e Fundações","INTEGRAL", "PAR", "PEPMESF", 1, 3, null, 2);
INSERT INTO disciplina(idDisciplina, cargaHoraria, cargaHorariaParcial, nome, regencia, semestre, sigla, status, idArea, idArea2, idCurso) VALUES (89, 4, 0,"Práticas de Construção Civil II","INTEGRAL", "PAR", "PEPPRA2", 1, 3, null, 2);
INSERT INTO disciplina(idDisciplina, cargaHoraria, cargaHorariaParcial, nome, regencia, semestre, sigla, status, idArea, idArea2, idCurso) VALUES (90, 2, 0,"Técnicas de Construção Civil II","INTEGRAL", "PAR", "PEPTEC2", 1, 3, null, 2);
INSERT INTO disciplina(idDisciplina, cargaHoraria, cargaHorariaParcial, nome, regencia, semestre, sigla, status, idArea, idArea2, idCurso) VALUES (91, 2, 0,"Elementos de Orçamento","INTEGRAL", "IMPAR", "PEPORÇA", 1, 3, null, 2);
INSERT INTO disciplina(idDisciplina, cargaHoraria, cargaHorariaParcial, nome, regencia, semestre, sigla, status, idArea, idArea2, idCurso) VALUES (92, 2, 0,"Higiene e Segurança do Trabalho","INTEGRAL", "IMPAR", "PEPHSTR", 1, 3, null, 2);
INSERT INTO disciplina(idDisciplina, cargaHoraria, cargaHorariaParcial, nome, regencia, semestre, sigla, status, idArea, idArea2, idCurso) VALUES (93, 2, 0,"Instalações Elétricas","INTEGRAL", "IMPAR", "PEPELET", 1, 3, null, 2);
INSERT INTO disciplina(idDisciplina, cargaHoraria, cargaHorariaParcial, nome, regencia, semestre, sigla, status, idArea, idArea2, idCurso) VALUES (94, 4, 0,"Instalações Hidrossanitárias","INTEGRAL", "IMPAR", "PEPHIDR", 1, 3, null, 2);
INSERT INTO disciplina(idDisciplina, cargaHoraria, cargaHorariaParcial, nome, regencia, semestre, sigla, status, idArea, idArea2, idCurso) VALUES (95, 2, 0,"Resistências dos Materiais II","INTEGRAL", "IMPAR", "PEPRES2", 1, 3, null, 2);
INSERT INTO disciplina(idDisciplina, cargaHoraria, cargaHorariaParcial, nome, regencia, semestre, sigla, status, idArea, idArea2, idCurso) VALUES (96, 2, 0,"Sistemas Estruturais I","INTEGRAL", "IMPAR", "PEPSES1", 1, 3, null, 2);
INSERT INTO disciplina(idDisciplina, cargaHoraria, cargaHorariaParcial, nome, regencia, semestre, sigla, status, idArea, idArea2, idCurso) VALUES (97, 2, 0,"Gestão da Qualidade","INTEGRAL", "PAR", "PEPGSQ", 1, 3, null, 2);
INSERT INTO disciplina(idDisciplina, cargaHoraria, cargaHorariaParcial, nome, regencia, semestre, sigla, status, idArea, idArea2, idCurso) VALUES (98, 2, 0,"Patologia e Manutenção de Construções","INTEGRAL", "PAR", "PEPPAMC", 1, 3, null, 2);
INSERT INTO disciplina(idDisciplina, cargaHoraria, cargaHorariaParcial, nome, regencia, semestre, sigla, status, idArea, idArea2, idCurso) VALUES (99, 2, 0,"Planejamento e Orçamento de Obras","INTEGRAL", "PAR", "PEPPLAN", 1, 3, null, 2);
INSERT INTO disciplina(idDisciplina, cargaHoraria, cargaHorariaParcial, nome, regencia, semestre, sigla, status, idArea, idArea2, idCurso) VALUES (100, 4, 0,"Projeto Integrador","INTEGRAL", "PAR", "PEPINTE", 1, 3, 1, 2);
INSERT INTO disciplina(idDisciplina, cargaHoraria, cargaHorariaParcial, nome, regencia, semestre, sigla, status, idArea, idArea2, idCurso) VALUES (101, 2, 0,"Sistemas Estruturais II","INTEGRAL", "PAR", "PEPSES2", 1, 3, null, 2);
INSERT INTO disciplina(idDisciplina, cargaHoraria, cargaHorariaParcial, nome, regencia, semestre, sigla, status, idArea, idArea2, idCurso) VALUES (102, 2, 0,"Construções e Obras","SEM REGÊNCIA", "IMPAR", "PEPCONS", 1, 3, null, 3);
INSERT INTO disciplina(idDisciplina, cargaHoraria, cargaHorariaParcial, nome, regencia, semestre, sigla, status, idArea, idArea2, idCurso) VALUES (103, 2, 0,"Materiais e Técnicas 1","SEM REGÊNCIA", "IMPAR", "PEPMNAT1", 1, 3, null, 3);
INSERT INTO disciplina(idDisciplina, cargaHoraria, cargaHorariaParcial, nome, regencia, semestre, sigla, status, idArea, idArea2, idCurso) VALUES (104, 2, 0,"Materiais e Técnicas II","SEM REGÊNCIA", "PAR", "PEPMAT2", 1, 3, null, 3);
INSERT INTO disciplina(idDisciplina, cargaHoraria, cargaHorariaParcial, nome, regencia, semestre, sigla, status, idArea, idArea2, idCurso) VALUES (105, 2, 0,"Conforto Térmico e Acústico","SEM REGÊNCIA", "PAR", "PEPCOTA", 1, 3, null, 3);
INSERT INTO disciplina(idDisciplina, cargaHoraria, cargaHorariaParcial, nome, regencia, semestre, sigla, status, idArea, idArea2, idCurso) VALUES (106, 2, 0,"Leitura e Interpretação de Projetos Complementares I","SEM REGÊNCIA", "PAR", "PEPLIP1", 1, 3, null, 3);
INSERT INTO disciplina(idDisciplina, cargaHoraria, cargaHorariaParcial, nome, regencia, semestre, sigla, status, idArea, idArea2, idCurso) VALUES (107, 2, 0,"Conforto Luminotécnico","SEM REGÊNCIA", "IMPAR", "PEPCOLU", 1, 3, 1, 3);
INSERT INTO disciplina(idDisciplina, cargaHoraria, cargaHorariaParcial, nome, regencia, semestre, sigla, status, idArea, idArea2, idCurso) VALUES (108, 2, 0,"Leitura e Interpretação de Projetos Complementares II","SEM REGÊNCIA", "IMPAR", "PEPELIP2", 1, 3, null, 3);
INSERT INTO disciplina(idDisciplina, cargaHoraria, cargaHorariaParcial, nome, regencia, semestre, sigla, status, idArea, idArea2, idCurso) VALUES (109, 2, 0,"Higiene e Segurança do Trabalho","SEM REGÊNCIA", "IMPAR", "PEPHISE", 1, 3, null, 3);
INSERT INTO disciplina(idDisciplina, cargaHoraria, cargaHorariaParcial, nome, regencia, semestre, sigla, status, idArea, idArea2, idCurso) VALUES (110, 2, 0,"Legislação e Ética Profissional","SEM REGÊNCIA", "PAR", "PEPETIC", 1, 3, 1, 3);
INSERT INTO disciplina(idDisciplina, cargaHoraria, cargaHorariaParcial, nome, regencia, semestre, sigla, status, idArea, idArea2, idCurso) VALUES (111, 2, 0,"Planejamento","SEM REGÊNCIA", "PAR", "PEPPLOR", 1, 3, null, 3);


INSERT INTO disciplina(idDisciplina, cargaHoraria, cargaHorariaParcial, nome, regencia, semestre, sigla, status, idArea, idArea2, idCurso) VALUES (112, 2, 0,"Biologia 1","SEM REGÊNCIA", "AMBOS", "PEPBIO1", 1, 7, null, 4);
INSERT INTO disciplina(idDisciplina, cargaHoraria, cargaHorariaParcial, nome, regencia, semestre, sigla, status, idArea, idArea2, idCurso) VALUES (113, 1, 0,"Biologia 2","SEM REGÊNCIA", "AMBOS", "PEPBIO2", 1, 7, null, 4);
INSERT INTO disciplina(idDisciplina, cargaHoraria, cargaHorariaParcial, nome, regencia, semestre, sigla, status, idArea, idArea2, idCurso) VALUES (114, 2, 0,"Biologia 3","SEM REGÊNCIA", "AMBOS", "PEPBIO3", 1, 7, null, 4);
INSERT INTO disciplina(idDisciplina, cargaHoraria, cargaHorariaParcial, nome, regencia, semestre, sigla, status, idArea, idArea2, idCurso) VALUES (115, 2, 0,"Biologia","SEM REGÊNCIA", "AMBOS", "PEPBIO-1", 1, 7, null, 5);
INSERT INTO disciplina(idDisciplina, cargaHoraria, cargaHorariaParcial, nome, regencia, semestre, sigla, status, idArea, idArea2, idCurso) VALUES (116, 1, 0,"Biologia","SEM REGÊNCIA", "AMBOS", "PEPBIO-2", 1, 7, null, 5);
INSERT INTO disciplina(idDisciplina, cargaHoraria, cargaHorariaParcial, nome, regencia, semestre, sigla, status, idArea, idArea2, idCurso) VALUES (117, 2, 0,"Biologia","SEM REGÊNCIA", "AMBOS", "PEPBIO-3", 1, 7, null, 5);
INSERT INTO disciplina(idDisciplina, cargaHoraria, cargaHorariaParcial, nome, regencia, semestre, sigla, status, idArea, idArea2, idCurso) VALUES (118, 2, 0,"Ciências do Ambiente","SEM REGÊNCIA", "IMPAR", "PEPCAMB", 1, 7, null, 1);
INSERT INTO disciplina(idDisciplina, cargaHoraria, cargaHorariaParcial, nome, regencia, semestre, sigla, status, idArea, idArea2, idCurso) VALUES (119, 4, 0,"Fundamentos e Metodologias do Ensino de Ciências Naturais","SEM REGÊNCIA", "PAR", "PEPFMCI", 1, 7, null, 6);


INSERT INTO disciplina(idDisciplina, cargaHoraria, cargaHorariaParcial, nome, regencia, semestre, sigla, status, idArea, idArea2, idCurso) VALUES (120, 4, 0,"Visão Computacional","SEM REGÊNCIA", "IMPAR", "PEPVCOM", 1, 8, null, 8);
INSERT INTO disciplina(idDisciplina, cargaHoraria, cargaHorariaParcial, nome, regencia, semestre, sigla, status, idArea, idArea2, idCurso) VALUES (121, 2, 0,"Resistência dos Materiais I","INTEGRAL", "PAR", "PEPRES1", 1, 8, null, 2);
INSERT INTO disciplina(idDisciplina, cargaHoraria, cargaHorariaParcial, nome, regencia, semestre, sigla, status, idArea, idArea2, idCurso) VALUES (122, 2, 0,"Topografia I","INTEGRAL", "PAR", "PEPTOP1", 1, 8, null, 2);
INSERT INTO disciplina(idDisciplina, cargaHoraria, cargaHorariaParcial, nome, regencia, semestre, sigla, status, idArea, idArea2, idCurso) VALUES (123, 2, 0,"Topografia II","INTEGRAL", "IMPAR", "PEPTOP2", 1, 8, null, 2);
INSERT INTO disciplina(idDisciplina, cargaHoraria, cargaHorariaParcial, nome, regencia, semestre, sigla, status, idArea, idArea2, idCurso) VALUES (124, 4, 0,"Desenho Artístico","SEM REGÊNCIA", "IMPAR", "PEPDART", 1, 8, null, 3);


INSERT INTO disciplina(idDisciplina, cargaHoraria, cargaHorariaParcial, nome, regencia, semestre, sigla, status, idArea, idArea2, idCurso) VALUES (125, 2, 0,"Saúde, Meio Ambiente e Segurança do Trabalho","SEM REGÊNCIA", "AMBOS", "PEPSMAT", 1, 9, null, 5);
INSERT INTO disciplina(idDisciplina, cargaHoraria, cargaHorariaParcial, nome, regencia, semestre, sigla, status, idArea, idArea2, idCurso) VALUES (126, 2, 0,"Ciências Jurídicas e Sociais","SEM REGÊNCIA", "PAR", "PEPCJSC", 1, 9, null, 1);
INSERT INTO disciplina(idDisciplina, cargaHoraria, cargaHorariaParcial, nome, regencia, semestre, sigla, status, idArea, idArea2, idCurso) VALUES (127, 2, 0,"Direito Empresarial e do Consumidor","SEM REGÊNCIA", "IMPAR", "PEPDIRE", 1, 9, null, 14);
INSERT INTO disciplina(idDisciplina, cargaHoraria, cargaHorariaParcial, nome, regencia, semestre, sigla, status, idArea, idArea2, idCurso) VALUES (128, 2, 0,"Ética e Responsabilidade Socioambiental","SEM REGÊNCIA", "IMPAR", "PEPETRS", 1, 9, null, 14);
INSERT INTO disciplina(idDisciplina, cargaHoraria, cargaHorariaParcial, nome, regencia, semestre, sigla, status, idArea, idArea2, idCurso) VALUES (129, 2, 0,"Legislação Tributária e Trabalhista","SEM REGÊNCIA", "PAR", "PEPLEGT", 1, 9, null, 14);
INSERT INTO disciplina(idDisciplina, cargaHoraria, cargaHorariaParcial, nome, regencia, semestre, sigla, status, idArea, idArea2, idCurso) VALUES (130, 2, 0,"Educação em Direitos Humanos","SEM REGÊNCIA", "IMPAR", "PEPEDHU", 1, 9, null, 7);
INSERT INTO disciplina(idDisciplina, cargaHoraria, cargaHorariaParcial, nome, regencia, semestre, sigla, status, idArea, idArea2, idCurso) VALUES (131, 4, 0,"Direito Geral","SEM REGÊNCIA", "IMPAR", "DIRG1", 1, 9, null, 10);
INSERT INTO disciplina(idDisciplina, cargaHoraria, cargaHorariaParcial, nome, regencia, semestre, sigla, status, idArea, idArea2, idCurso) VALUES (132, 4, 0,"Gestão Jurídica","SEM REGÊNCIA", "PAR", "JUDG2", 1, 9, null, 10);
INSERT INTO disciplina(idDisciplina, cargaHoraria, cargaHorariaParcial, nome, regencia, semestre, sigla, status, idArea, idArea2, idCurso) VALUES (133, 4, 0,"Governança Empresarial","SEM REGÊNCIA", "PAR", "GOVG6", 1, 9, null, 10);


INSERT INTO disciplina(idDisciplina, cargaHoraria, cargaHorariaParcial, nome, regencia, semestre, sigla, status, idArea, idArea2, idCurso) VALUES (134, 2, 0,"Educação Física 1","SEM REGÊNCIA", "AMBOS", "PEPEFI1", 1, 10, null, 4);
INSERT INTO disciplina(idDisciplina, cargaHoraria, cargaHorariaParcial, nome, regencia, semestre, sigla, status, idArea, idArea2, idCurso) VALUES (135, 1, 0,"Educação Física 2","SEM REGÊNCIA", "AMBOS", "PEPEFI2", 1, 10, null, 4);
INSERT INTO disciplina(idDisciplina, cargaHoraria, cargaHorariaParcial, nome, regencia, semestre, sigla, status, idArea, idArea2, idCurso) VALUES (136, 2, 0,"Educação Física 3","SEM REGÊNCIA", "AMBOS", "PEPEFI3", 1, 10, null, 4);
INSERT INTO disciplina(idDisciplina, cargaHoraria, cargaHorariaParcial, nome, regencia, semestre, sigla, status, idArea, idArea2, idCurso) VALUES (137, 2, 0,"Educação Física","SEM REGÊNCIA", "AMBOS", "PEPEFI-1", 1, 10, null, 5);
INSERT INTO disciplina(idDisciplina, cargaHoraria, cargaHorariaParcial, nome, regencia, semestre, sigla, status, idArea, idArea2, idCurso) VALUES (138, 1, 0,"Educação Física","SEM REGÊNCIA", "AMBOS", "PEPEFI-2", 1, 10, null, 5);
INSERT INTO disciplina(idDisciplina, cargaHoraria, cargaHorariaParcial, nome, regencia, semestre, sigla, status, idArea, idArea2, idCurso) VALUES (139, 2, 0,"Educação Física","SEM REGÊNCIA", "AMBOS", "PEPEFI-3", 1, 10, null, 5);
INSERT INTO disciplina(idDisciplina, cargaHoraria, cargaHorariaParcial, nome, regencia, semestre, sigla, status, idArea, idArea2, idCurso) VALUES (140, 2, 0,"Corporeidade e Movimento","SEM REGÊNCIA", "IMPAR", "PEPCORP", 1, 10, null, 6);


INSERT INTO disciplina(idDisciplina, cargaHoraria, cargaHorariaParcial, nome, regencia, semestre, sigla, status, idArea, idArea2, idCurso) VALUES (141, 2, 0,"Introdução a Engenharia Elétrica","SEM REGÊNCIA", "IMPAR", "PEPIEEL", 1, 11, null, 1);
INSERT INTO disciplina(idDisciplina, cargaHoraria, cargaHorariaParcial, nome, regencia, semestre, sigla, status, idArea, idArea2, idCurso) VALUES (142, 2, 0,"Segurança do Trabalho","SEM REGÊNCIA", "PAR", "PEPSEGT", 1, 11, null, 1);
INSERT INTO disciplina(idDisciplina, cargaHoraria, cargaHorariaParcial, nome, regencia, semestre, sigla, status, idArea, idArea2, idCurso) VALUES (143, 6, 2.0,"Circuitos Elétricos I","PARCIAL", "IMPAR", "PEPCEL1", 1, 11, 11, 1);
INSERT INTO disciplina(idDisciplina, cargaHoraria, cargaHorariaParcial, nome, regencia, semestre, sigla, status, idArea, idArea2, idCurso) VALUES (144, 6, 2.0,"Circuitos Elétricos II","PARCIAL", "PAR", "PEPCEL2", 1, 11, 11, 1);
INSERT INTO disciplina(idDisciplina, cargaHoraria, cargaHorariaParcial, nome, regencia, semestre, sigla, status, idArea, idArea2, idCurso) VALUES (145, 4, 2.0,"Conversão Eletromecânica de Energia","PARCIAL", "IMPAR", "PEPCEME", 1, 11, 11, 1);
INSERT INTO disciplina(idDisciplina, cargaHoraria, cargaHorariaParcial, nome, regencia, semestre, sigla, status, idArea, idArea2, idCurso) VALUES (146, 4, 0,"Introdução aos Sistemas Elétricos de Potência","SEM REGÊNCIA", "IMPAR", "PEPISEP", 1, 11, null, 1);
INSERT INTO disciplina(idDisciplina, cargaHoraria, cargaHorariaParcial, nome, regencia, semestre, sigla, status, idArea, idArea2, idCurso) VALUES (147, 4, 2.0,"Instalações Elétricas Prediais I","PARCIAL", "IMPAR", "PEPIEP1", 1, 11, 11, 1);
INSERT INTO disciplina(idDisciplina, cargaHoraria, cargaHorariaParcial, nome, regencia, semestre, sigla, status, idArea, idArea2, idCurso) VALUES (148, 4, 0,"Extensão Universitária 1","SEM REGÊNCIA", "IMPAR", "PEPEXU1", 1, 11, null, 1);
INSERT INTO disciplina(idDisciplina, cargaHoraria, cargaHorariaParcial, nome, regencia, semestre, sigla, status, idArea, idArea2, idCurso) VALUES (149, 4, 2.0,"Máquinas Elétricas I","PARCIAL", "PAR", "PEPMEL1", 1, 11, 11, 1);
INSERT INTO disciplina(idDisciplina, cargaHoraria, cargaHorariaParcial, nome, regencia, semestre, sigla, status, idArea, idArea2, idCurso) VALUES (150, 4, 2.0,"Eletrônica de Potência I","PARCIAL", "PAR", "PEPEPO1", 1, 11, 11, 1);
INSERT INTO disciplina(idDisciplina, cargaHoraria, cargaHorariaParcial, nome, regencia, semestre, sigla, status, idArea, idArea2, idCurso) VALUES (151, 2, 0,"Análise de Sistemas Elétricos de Potência","SEM REGÊNCIA", "PAR", "PEPASEP", 1, 11, null, 1);
INSERT INTO disciplina(idDisciplina, cargaHoraria, cargaHorariaParcial, nome, regencia, semestre, sigla, status, idArea, idArea2, idCurso) VALUES (152, 4, 2.0,"Instalações Elétricas Prediais II","PARCIAL", "PAR", "PEPIEP2", 1, 11, 11, 1);
INSERT INTO disciplina(idDisciplina, cargaHoraria, cargaHorariaParcial, nome, regencia, semestre, sigla, status, idArea, idArea2, idCurso) VALUES (153, 4, 0,"Introdução aos Sistemas de Controle","SEM REGÊNCIA", "PAR", "PEPISCT", 1, 11, null, 1);
INSERT INTO disciplina(idDisciplina, cargaHoraria, cargaHorariaParcial, nome, regencia, semestre, sigla, status, idArea, idArea2, idCurso) VALUES (154, 4, 0,"Extensão Universitária 2","SEM REGÊNCIA", "PAR", "PEPEXU2", 1, 11, null, 1);
INSERT INTO disciplina(idDisciplina, cargaHoraria, cargaHorariaParcial, nome, regencia, semestre, sigla, status, idArea, idArea2, idCurso) VALUES (155, 4, 2.0,"Máquinas Elétricas II","PARCIAL", "IMPAR", "PEPMEL2", 1, 11, 11, 1);
INSERT INTO disciplina(idDisciplina, cargaHoraria, cargaHorariaParcial, nome, regencia, semestre, sigla, status, idArea, idArea2, idCurso) VALUES (156, 2, 0,"Eletrônica de Potência II","SEM REGÊNCIA", "IMPAR", "PEPEPO2", 1, 11, null, 1);
INSERT INTO disciplina(idDisciplina, cargaHoraria, cargaHorariaParcial, nome, regencia, semestre, sigla, status, idArea, idArea2, idCurso) VALUES (157, 4, 0,"Instalações Elétricas Industriais","SEM REGÊNCIA", "IMPAR", "PEPIEIN", 1, 11, null, 1);
INSERT INTO disciplina(idDisciplina, cargaHoraria, cargaHorariaParcial, nome, regencia, semestre, sigla, status, idArea, idArea2, idCurso) VALUES (158, 3, 0,"Comandos Elétricos","INTEGRAL", "IMPAR", "PEPCOEL", 1, 11, 11, 1);
INSERT INTO disciplina(idDisciplina, cargaHoraria, cargaHorariaParcial, nome, regencia, semestre, sigla, status, idArea, idArea2, idCurso) VALUES (159, 4, 2.0,"Controle de Sistemas Lineares","PARCIAL", "IMPAR", "PEPCOLI", 1, 11, 11, 1);
INSERT INTO disciplina(idDisciplina, cargaHoraria, cargaHorariaParcial, nome, regencia, semestre, sigla, status, idArea, idArea2, idCurso) VALUES (160, 2, 0,"Acionamento Eletrônico de Motores","INTEGRAL", "PAR", "PEPACEM", 1, 11, 11, 1);
INSERT INTO disciplina(idDisciplina, cargaHoraria, cargaHorariaParcial, nome, regencia, semestre, sigla, status, idArea, idArea2, idCurso) VALUES (161, 4, 0,"Controlador Lógico Programável","INTEGRAL", "PAR", "PEPCLPR", 1, 11, 11, 1);
INSERT INTO disciplina(idDisciplina, cargaHoraria, cargaHorariaParcial, nome, regencia, semestre, sigla, status, idArea, idArea2, idCurso) VALUES (162, 2, 0,"Qualidade de Energia Elétrica","SEM REGÊNCIA", "PAR", "PEPQEEL", 1, 11, null, 1);
INSERT INTO disciplina(idDisciplina, cargaHoraria, cargaHorariaParcial, nome, regencia, semestre, sigla, status, idArea, idArea2, idCurso) VALUES (163, 2, 0,"Metodologia de Pesquisa Científica","SEM REGÊNCIA", "PAR", "PEPMEPC", 1, 11, null, 1);
INSERT INTO disciplina(idDisciplina, cargaHoraria, cargaHorariaParcial, nome, regencia, semestre, sigla, status, idArea, idArea2, idCurso) VALUES (164, 2, 0,"Geração, Transmissão e Distribuição de Energia Elétrica","SEM REGÊNCIA", "PAR", "PEPGTDE", 1, 11, null, 1);
INSERT INTO disciplina(idDisciplina, cargaHoraria, cargaHorariaParcial, nome, regencia, semestre, sigla, status, idArea, idArea2, idCurso) VALUES (165, 3, 0,"Redes Industriais e Supervisórios","INTEGRAL", "IMPAR", "PEPRISP", 1, 11, 11, 1);
INSERT INTO disciplina(idDisciplina, cargaHoraria, cargaHorariaParcial, nome, regencia, semestre, sigla, status, idArea, idArea2, idCurso) VALUES (166, 2, 0,"Fontes Alternativas de Energia e Redes Elétricas Inteligentes","SEM REGÊNCIA", "PAR", "PEPFADI", 1, 11, null, 1);
INSERT INTO disciplina(idDisciplina, cargaHoraria, cargaHorariaParcial, nome, regencia, semestre, sigla, status, idArea, idArea2, idCurso) VALUES (167, 2, 0,"Redes Neurais Artificiais","SEM REGÊNCIA", "ÍMPAR", "PEPRENA", 1, 11, null, 1);
INSERT INTO disciplina(idDisciplina, cargaHoraria, cargaHorariaParcial, nome, regencia, semestre, sigla, status, idArea, idArea2, idCurso) VALUES (168, 2, 0,"Ferramenta Computacional para Calculo Numérico","SEM REGÊNCIA", "PAR", "PEPFCOC", 1, 11, null, 1);
INSERT INTO disciplina(idDisciplina, cargaHoraria, cargaHorariaParcial, nome, regencia, semestre, sigla, status, idArea, idArea2, idCurso) VALUES (169, 2, 0,"Lógica Nebulosa","SEM REGÊNCIA", "", "PEPLONE", 1, 11, null, 1);
INSERT INTO disciplina(idDisciplina, cargaHoraria, cargaHorariaParcial, nome, regencia, semestre, sigla, status, idArea, idArea2, idCurso) VALUES (170, 2, 0,"Saúde e Segurança do Tarbalho","SEM REGÊNCIA", "IMPAR", "PEPSAST", 1, 11, null, 11);
INSERT INTO disciplina(idDisciplina, cargaHoraria, cargaHorariaParcial, nome, regencia, semestre, sigla, status, idArea, idArea2, idCurso) VALUES (171, 6, 2.0,"Circuitos em Corrente Alternada","PARCIAL", "PAR", "PEPCECA", 1, 11, 11, 11);
INSERT INTO disciplina(idDisciplina, cargaHoraria, cargaHorariaParcial, nome, regencia, semestre, sigla, status, idArea, idArea2, idCurso) VALUES (172, 4, 2.0,"Instalações Elétricas","PARCIAL", "PAR", "PEPINEL", 1, 11, 11, 11);
INSERT INTO disciplina(idDisciplina, cargaHoraria, cargaHorariaParcial, nome, regencia, semestre, sigla, status, idArea, idArea2, idCurso) VALUES (173, 4, 2.0,"Energia Eólica","PARCIAL", "IMPAR", "PEPENEO", 1, 11, 11, 11);
INSERT INTO disciplina(idDisciplina, cargaHoraria, cargaHorariaParcial, nome, regencia, semestre, sigla, status, idArea, idArea2, idCurso) VALUES (174, 4, 2.0,"Energia Solar Fotovoltaica","PARCIAL", "IMPAR", "PEPENSF", 1, 11, 11, 11);
INSERT INTO disciplina(idDisciplina, cargaHoraria, cargaHorariaParcial, nome, regencia, semestre, sigla, status, idArea, idArea2, idCurso) VALUES (175, 4, 2.0,"Comandos Elétricos","PARCIAL", "IMPAR", "PEPCOME", 1, 11, 11, 11);
INSERT INTO disciplina(idDisciplina, cargaHoraria, cargaHorariaParcial, nome, regencia, semestre, sigla, status, idArea, idArea2, idCurso) VALUES (176, 4, 2.0,"Sistema em Corrente Alternada","PARCIAL", "PAR", "PEPSECA", 1, 11, 11, 11);
INSERT INTO disciplina(idDisciplina, cargaHoraria, cargaHorariaParcial, nome, regencia, semestre, sigla, status, idArea, idArea2, idCurso) VALUES (177, 2, 0,"Qualidade de Energia Elétrica","SEM REGÊNCIA", "PAR", "PEPQUEE", 1, 11, null, 11);
INSERT INTO disciplina(idDisciplina, cargaHoraria, cargaHorariaParcial, nome, regencia, semestre, sigla, status, idArea, idArea2, idCurso) VALUES (178, 2, 2.0,"Projeto Integrado","INTEGRAL", "PAR", "PEPPROJ", 1, 11, 11, 11);


INSERT INTO disciplina(idDisciplina, cargaHoraria, cargaHorariaParcial, nome, regencia, semestre, sigla, status, idArea, idArea2, idCurso) VALUES (179, 2, 0,"Introdução à Programação e Robótica","INTEGRAL", "AMBOS", "PEPIPRO", 1, 12, 12, 5);
INSERT INTO disciplina(idDisciplina, cargaHoraria, cargaHorariaParcial, nome, regencia, semestre, sigla, status, idArea, idArea2, idCurso) VALUES (180, 2, 0,"Controle de Processos e Sensores","INTEGRAL", "AMBOS", "PEPCPSE", 1, 12, 11, 5);
INSERT INTO disciplina(idDisciplina, cargaHoraria, cargaHorariaParcial, nome, regencia, semestre, sigla, status, idArea, idArea2, idCurso) VALUES (181, 2, 0,"Sistemas Analógicos","INTEGRAL", "AMBOS", "PEPSIAN", 1, 12, 12, 5);
INSERT INTO disciplina(idDisciplina, cargaHoraria, cargaHorariaParcial, nome, regencia, semestre, sigla, status, idArea, idArea2, idCurso) VALUES (182, 4, 0,"Sistemas Digitais e Microcontroladores","INTEGRAL", "AMBOS", "PEPSDMI", 1, 12, 12, 5);
INSERT INTO disciplina(idDisciplina, cargaHoraria, cargaHorariaParcial, nome, regencia, semestre, sigla, status, idArea, idArea2, idCurso) VALUES (183, 2, 0,"Projeto Integrador","INTEGRAL", "AMBOS", "PEPINT", 1, 12, 21, 5);
INSERT INTO disciplina(idDisciplina, cargaHoraria, cargaHorariaParcial, nome, regencia, semestre, sigla, status, idArea, idArea2, idCurso) VALUES (184, 4, 0,"Processos de Manufatura Assistida por Computador","INTEGRAL", "AMBOS", "PEPPMAC", 1, 12, 21, 5);
INSERT INTO disciplina(idDisciplina, cargaHoraria, cargaHorariaParcial, nome, regencia, semestre, sigla, status, idArea, idArea2, idCurso) VALUES (185, 4, 0,"Tópicos em Automação Industrial","INTEGRAL", "AMBOS", "PEPTAIN", 1, 12, 21, 5);
INSERT INTO disciplina(idDisciplina, cargaHoraria, cargaHorariaParcial, nome, regencia, semestre, sigla, status, idArea, idArea2, idCurso) VALUES (186, 2, 0,"Eletrônica Digital I","INTEGRAL", "IMPAR", "PEPEDG1", 1, 12, 12, 8);
INSERT INTO disciplina(idDisciplina, cargaHoraria, cargaHorariaParcial, nome, regencia, semestre, sigla, status, idArea, idArea2, idCurso) VALUES (187, 4, 2.0,"Eletrônica Digital II","PARCIAL", "PAR", "PEPELD2", 1, 12, 12, 8);
INSERT INTO disciplina(idDisciplina, cargaHoraria, cargaHorariaParcial, nome, regencia, semestre, sigla, status, idArea, idArea2, idCurso) VALUES (188, 4, 0,"Sistemas Microcontrolados","SEM REGÊNCIA", "", "PEPSMIC", 1, 12, null, 8);
INSERT INTO disciplina(idDisciplina, cargaHoraria, cargaHorariaParcial, nome, regencia, semestre, sigla, status, idArea, idArea2, idCurso) VALUES (189, 2, 0,"Eletrônica Digital 1","INTEGRAL", "PAR", "PEPEDG1", 1, 12, 12, 1);
INSERT INTO disciplina(idDisciplina, cargaHoraria, cargaHorariaParcial, nome, regencia, semestre, sigla, status, idArea, idArea2, idCurso) VALUES (190, 2, 0,"Materiais Elétricos","SEM REGÊNCIA", "PAR", "PEPMAEL", 1, 12, null, 1);
INSERT INTO disciplina(idDisciplina, cargaHoraria, cargaHorariaParcial, nome, regencia, semestre, sigla, status, idArea, idArea2, idCurso) VALUES (191, 4, 2.0,"Eletrônica Digital II","PARCIAL", "IMPAR", "PEPEDG2", 1, 12, 12, 1);
INSERT INTO disciplina(idDisciplina, cargaHoraria, cargaHorariaParcial, nome, regencia, semestre, sigla, status, idArea, idArea2, idCurso) VALUES (192, 4, 2.0,"Eletrônica Analógica I","PARCIAL", "PAR", "PEPELA1", 1, 12, 12, 1);
INSERT INTO disciplina(idDisciplina, cargaHoraria, cargaHorariaParcial, nome, regencia, semestre, sigla, status, idArea, idArea2, idCurso) VALUES (193, 4, 2.0,"Sistemas Microcontrolados","PARCIAL", "PAR", "PEPSMIC", 1, 12, 12, 1);
INSERT INTO disciplina(idDisciplina, cargaHoraria, cargaHorariaParcial, nome, regencia, semestre, sigla, status, idArea, idArea2, idCurso) VALUES (194, 4, 0,"Ondas e Linhas de Comunicação","SEM REGÊNCIA", "IMPAR", "PEPOCOM", 1, 12, null, 1);
INSERT INTO disciplina(idDisciplina, cargaHoraria, cargaHorariaParcial, nome, regencia, semestre, sigla, status, idArea, idArea2, idCurso) VALUES (195, 4, 2.0,"Eletrônica Analógica II","PARCIAL", "IMPAR", "PEPELA2", 1, 12, 12, 1);
INSERT INTO disciplina(idDisciplina, cargaHoraria, cargaHorariaParcial, nome, regencia, semestre, sigla, status, idArea, idArea2, idCurso) VALUES (196, 2, 0,"Sensores e Condicionamentos de Sinais","INTEGRAL", "IMPAR", "PEPSCN", 1, 12, 12, 1);
INSERT INTO disciplina(idDisciplina, cargaHoraria, cargaHorariaParcial, nome, regencia, semestre, sigla, status, idArea, idArea2, idCurso) VALUES (197, 4, 0,"Princípios de Comunicação","SEM REGÊNCIA", "PAR", "PEPCOM", 1, 12, null, 1);
INSERT INTO disciplina(idDisciplina, cargaHoraria, cargaHorariaParcial, nome, regencia, semestre, sigla, status, idArea, idArea2, idCurso) VALUES (198, 4, 0,"Processamento Digital de Sinais","SEM REGÊNCIA", "IMPAR", "PEPPDIS", 1, 12, null, 1);
INSERT INTO disciplina(idDisciplina, cargaHoraria, cargaHorariaParcial, nome, regencia, semestre, sigla, status, idArea, idArea2, idCurso) VALUES (199, 6, 0,"Extensão Universitária 3","SEM REGÊNCIA", "IMPAR", "PEPEXU3", 1, 12, null, 1);
INSERT INTO disciplina(idDisciplina, cargaHoraria, cargaHorariaParcial, nome, regencia, semestre, sigla, status, idArea, idArea2, idCurso) VALUES (200, 6, 0,"Extensão Universitária 4","SEM REGÊNCIA", "PAR", "PEPXU4", 1, 12, null, 1);
INSERT INTO disciplina(idDisciplina, cargaHoraria, cargaHorariaParcial, nome, regencia, semestre, sigla, status, idArea, idArea2, idCurso) VALUES (201, 2, 0,"Filtro Analógicos","SEM REGÊNCIA", "ÍMPAR", "PEPFIAN", 1, 12, null, 1);
INSERT INTO disciplina(idDisciplina, cargaHoraria, cargaHorariaParcial, nome, regencia, semestre, sigla, status, idArea, idArea2, idCurso) VALUES (202, 2, 0,"Introdução à Robótica","SEM REGÊNCIA", "", "PEPINRO", 1, 12, null, 1);
INSERT INTO disciplina(idDisciplina, cargaHoraria, cargaHorariaParcial, nome, regencia, semestre, sigla, status, idArea, idArea2, idCurso) VALUES (203, 6, 2.0,"Eletricidade Básica","PARCIAL", "IMPAR", "PEPELBA", 1, 12, 12, 11);
INSERT INTO disciplina(idDisciplina, cargaHoraria, cargaHorariaParcial, nome, regencia, semestre, sigla, status, idArea, idArea2, idCurso) VALUES (204, 4, 2.0,"Introdução aos Sistemas de Energia Renovável","PARCIAL", "IMPAR", "PEPISER", 1, 12, 12, 11);
INSERT INTO disciplina(idDisciplina, cargaHoraria, cargaHorariaParcial, nome, regencia, semestre, sigla, status, idArea, idArea2, idCurso) VALUES (205, 4, 2.0,"Eletrônica Aplicada","PARCIAL", "PAR", "PEPELAP", 1, 12, 12, 11);
INSERT INTO disciplina(idDisciplina, cargaHoraria, cargaHorariaParcial, nome, regencia, semestre, sigla, status, idArea, idArea2, idCurso) VALUES (206, 2, 0,"Meteorologia","SEM REGÊNCIA", "PAR", "PEPMET", 1, 12, null, 11);
INSERT INTO disciplina(idDisciplina, cargaHoraria, cargaHorariaParcial, nome, regencia, semestre, sigla, status, idArea, idArea2, idCurso) VALUES (207, 2, 1.0,"Energia Solar Térmica","PARCIAL", "PAR", "PEPNST", 1, 12, 12, 11);
INSERT INTO disciplina(idDisciplina, cargaHoraria, cargaHorariaParcial, nome, regencia, semestre, sigla, status, idArea, idArea2, idCurso) VALUES (208, 4, 0,"Projeto e Simulação de Sistemas de Energias Renováveis","SEM REGÊNCIA", "PAR", "PEPCPSI", 1, 12, null, 11);
INSERT INTO disciplina(idDisciplina, cargaHoraria, cargaHorariaParcial, nome, regencia, semestre, sigla, status, idArea, idArea2, idCurso) VALUES (209, 2, 0,"Controle de Processos e Sensores Industriais","SEM REGÊNCIA", "PAR", "PEPPSSR", 1, 12, null, 11);


INSERT INTO disciplina(idDisciplina, cargaHoraria, cargaHorariaParcial, nome, regencia, semestre, sigla, status, idArea, idArea2, idCurso) VALUES (210, 1, 0,"Filosofia 1","SEM REGÊNCIA", "AMBOS", "PEPFIL1", 1, 13, null, 4);
INSERT INTO disciplina(idDisciplina, cargaHoraria, cargaHorariaParcial, nome, regencia, semestre, sigla, status, idArea, idArea2, idCurso) VALUES (211, 2, 0,"Filosofia 2","SEM REGÊNCIA", "AMBOS", "PEPFIL2", 1, 13, null, 4);
INSERT INTO disciplina(idDisciplina, cargaHoraria, cargaHorariaParcial, nome, regencia, semestre, sigla, status, idArea, idArea2, idCurso) VALUES (212, 2, 0,"Filosofia 3","SEM REGÊNCIA", "AMBOS", "PEPFIL3", 1, 13, null, 4);
INSERT INTO disciplina(idDisciplina, cargaHoraria, cargaHorariaParcial, nome, regencia, semestre, sigla, status, idArea, idArea2, idCurso) VALUES (213, 1, 0,"Filosofia","SEM REGÊNCIA", "AMBOS", "PEPFIL-1", 1, 13, null, 5);
INSERT INTO disciplina(idDisciplina, cargaHoraria, cargaHorariaParcial, nome, regencia, semestre, sigla, status, idArea, idArea2, idCurso) VALUES (214, 2, 0,"Filosofia","SEM REGÊNCIA", "AMBOS", "PEPFIL-2", 1, 13, null, 5);
INSERT INTO disciplina(idDisciplina, cargaHoraria, cargaHorariaParcial, nome, regencia, semestre, sigla, status, idArea, idArea2, idCurso) VALUES (215, 2, 0,"Filosofia","SEM REGÊNCIA", "AMBOS", "PEPFIL-3", 1, 13, null, 5);
INSERT INTO disciplina(idDisciplina, cargaHoraria, cargaHorariaParcial, nome, regencia, semestre, sigla, status, idArea, idArea2, idCurso) VALUES (216, 4, 0,"Filosofia da Educação","SEM REGÊNCIA", "IMPAR", "PEPFILO", 1, 13, null, 6);
INSERT INTO disciplina(idDisciplina, cargaHoraria, cargaHorariaParcial, nome, regencia, semestre, sigla, status, idArea, idArea2, idCurso) VALUES (217, 4, 0,"Filosofia da Educação","SEM REGÊNCIA", "PAR", "PEPFILE", 1, 13, null, 7);

INSERT INTO disciplina(idDisciplina, cargaHoraria, cargaHorariaParcial, nome, regencia, semestre, sigla, status, idArea, idArea2, idCurso) VALUES (218, 2, 0,"Física 1","SEM REGÊNCIA", "AMBOS", "PEPFSC1", 1, 14, null, 4);
INSERT INTO disciplina(idDisciplina, cargaHoraria, cargaHorariaParcial, nome, regencia, semestre, sigla, status, idArea, idArea2, idCurso) VALUES (219, 2, 0,"Física 2","SEM REGÊNCIA", "AMBOS", "PEPFSC2", 1, 14, null, 4);
INSERT INTO disciplina(idDisciplina, cargaHoraria, cargaHorariaParcial, nome, regencia, semestre, sigla, status, idArea, idArea2, idCurso) VALUES (220, 1, 0,"Física 3","SEM REGÊNCIA", "AMBOS", "PEPFSC3", 1, 14, null, 4);
INSERT INTO disciplina(idDisciplina, cargaHoraria, cargaHorariaParcial, nome, regencia, semestre, sigla, status, idArea, idArea2, idCurso) VALUES (221, 2, 0,"Física","SEM REGÊNCIA", "AMBOS", "PEPFIS-1", 1, 14, null, 5);
INSERT INTO disciplina(idDisciplina, cargaHoraria, cargaHorariaParcial, nome, regencia, semestre, sigla, status, idArea, idArea2, idCurso) VALUES (222, 2, 0,"Fundamentos de Eletricidade","INTEGRAL", "AMBOS", "PEPFUEL", 1, 14, 12, 5);
INSERT INTO disciplina(idDisciplina, cargaHoraria, cargaHorariaParcial, nome, regencia, semestre, sigla, status, idArea, idArea2, idCurso) VALUES (223, 2, 0,"Física","SEM REGÊNCIA", "AMBOS", "PEPFIS-2", 1, 14, null, 5);
INSERT INTO disciplina(idDisciplina, cargaHoraria, cargaHorariaParcial, nome, regencia, semestre, sigla, status, idArea, idArea2, idCurso) VALUES (224, 1, 0,"Física","SEM REGÊNCIA", "AMBOS", "PEPFIS-3", 1, 14, null, 5);
INSERT INTO disciplina(idDisciplina, cargaHoraria, cargaHorariaParcial, nome, regencia, semestre, sigla, status, idArea, idArea2, idCurso) VALUES (225, 6, 2.0,"Física I","PARCIAL", "IMPAR", "PEPFIS1", 1, 14, 14, 1);
INSERT INTO disciplina(idDisciplina, cargaHoraria, cargaHorariaParcial, nome, regencia, semestre, sigla, status, idArea, idArea2, idCurso) VALUES (226, 4, 2.0,"Física 2","PARCIAL", "PAR", "PEPFIS2", 1, 14, 14, 1);
INSERT INTO disciplina(idDisciplina, cargaHoraria, cargaHorariaParcial, nome, regencia, semestre, sigla, status, idArea, idArea2, idCurso) VALUES (227, 4, 2.0,"Física III","PARCIAL", "IMPAR", "PEPFIS3", 1, 14, 14, 1);
INSERT INTO disciplina(idDisciplina, cargaHoraria, cargaHorariaParcial, nome, regencia, semestre, sigla, status, idArea, idArea2, idCurso) VALUES (228, 4, 0,"Eletromagnetismo","SEM REGÊNCIA", "PAR", "PEPLTM", 1, 14, null, 1);
INSERT INTO disciplina(idDisciplina, cargaHoraria, cargaHorariaParcial, nome, regencia, semestre, sigla, status, idArea, idArea2, idCurso) VALUES (229, 2, 0,"Resistências dos Materiais","SEM REGÊNCIA", "IMPAR", "PEPREMA", 1, 14, null, 1);
INSERT INTO disciplina(idDisciplina, cargaHoraria, cargaHorariaParcial, nome, regencia, semestre, sigla, status, idArea, idArea2, idCurso) VALUES (230, 2, 0,"Fenômenos de Transporte","SEM REGÊNCIA", "PAR", "PEPFENT", 1, 14, null, 1);


INSERT INTO disciplina(idDisciplina, cargaHoraria, cargaHorariaParcial, nome, regencia, semestre, sigla, status, idArea, idArea2, idCurso) VALUES (231, 2, 0,"Geografia 1","SEM REGÊNCIA", "AMBOS", "PEPGEO1", 1, 15, null, 4);
INSERT INTO disciplina(idDisciplina, cargaHoraria, cargaHorariaParcial, nome, regencia, semestre, sigla, status, idArea, idArea2, idCurso) VALUES (232, 2, 0,"Geografia 2","SEM REGÊNCIA", "AMBOS", "PEPGEO2", 1, 15, null, 4);
INSERT INTO disciplina(idDisciplina, cargaHoraria, cargaHorariaParcial, nome, regencia, semestre, sigla, status, idArea, idArea2, idCurso) VALUES (233, 1, 0,"Geografia 3","SEM REGÊNCIA", "AMBOS", "PEPGEO3", 1, 15, null, 4);
INSERT INTO disciplina(idDisciplina, cargaHoraria, cargaHorariaParcial, nome, regencia, semestre, sigla, status, idArea, idArea2, idCurso) VALUES (234, 2, 0,"Geografia","SEM REGÊNCIA", "AMBOS", "PEPGEO-1", 1, 15, null, 5);
INSERT INTO disciplina(idDisciplina, cargaHoraria, cargaHorariaParcial, nome, regencia, semestre, sigla, status, idArea, idArea2, idCurso) VALUES (235, 2, 0,"Geografia","SEM REGÊNCIA", "AMBOS", "PEPGEO-2", 1, 15, null, 5);
INSERT INTO disciplina(idDisciplina, cargaHoraria, cargaHorariaParcial, nome, regencia, semestre, sigla, status, idArea, idArea2, idCurso) VALUES (236, 1, 0,"Geografia","SEM REGÊNCIA", "AMBOS", "PEPGEO-3", 1, 15, null, 5);
INSERT INTO disciplina(idDisciplina, cargaHoraria, cargaHorariaParcial, nome, regencia, semestre, sigla, status, idArea, idArea2, idCurso) VALUES (237, 4, 0,"Fundamentos e Metodologias do Ensino de Geografia","SEM REGÊNCIA", "PAR", "PEPFMGE", 1, 15, null, 6);


INSERT INTO disciplina(idDisciplina, cargaHoraria, cargaHorariaParcial, nome, regencia, semestre, sigla, status, idArea, idArea2, idCurso) VALUES (238, 1, 0,"História 1","SEM REGÊNCIA", "AMBOS", "PEPHIS1", 1, 16, null, 4);
INSERT INTO disciplina(idDisciplina, cargaHoraria, cargaHorariaParcial, nome, regencia, semestre, sigla, status, idArea, idArea2, idCurso) VALUES (239, 2, 0,"História 2","SEM REGÊNCIA", "AMBOS", "PEPHIS2", 1, 16, null, 4);
INSERT INTO disciplina(idDisciplina, cargaHoraria, cargaHorariaParcial, nome, regencia, semestre, sigla, status, idArea, idArea2, idCurso) VALUES (240, 2, 0,"História 3","SEM REGÊNCIA", "AMBOS", "PEPHIS3", 1, 16, null, 4);
INSERT INTO disciplina(idDisciplina, cargaHoraria, cargaHorariaParcial, nome, regencia, semestre, sigla, status, idArea, idArea2, idCurso) VALUES (241, 1, 0,"História","SEM REGÊNCIA", "AMBOS", "PEPHIS-1", 1, 16, null, 5);
INSERT INTO disciplina(idDisciplina, cargaHoraria, cargaHorariaParcial, nome, regencia, semestre, sigla, status, idArea, idArea2, idCurso) VALUES (242, 2, 0,"História","SEM REGÊNCIA", "AMBOS", "PEPHIS-2", 1, 16, null, 5);
INSERT INTO disciplina(idDisciplina, cargaHoraria, cargaHorariaParcial, nome, regencia, semestre, sigla, status, idArea, idArea2, idCurso) VALUES (243, 2, 0,"História","SEM REGÊNCIA", "AMBOS", "PEPHIS-3", 1, 16, null, 5);
INSERT INTO disciplina(idDisciplina, cargaHoraria, cargaHorariaParcial, nome, regencia, semestre, sigla, status, idArea, idArea2, idCurso) VALUES (244, 2, 0,"Ética Profissional e Cidadania","SEM REGÊNCIA", "PAR", "PEPEPCD", 1, 16, null, 1);
INSERT INTO disciplina(idDisciplina, cargaHoraria, cargaHorariaParcial, nome, regencia, semestre, sigla, status, idArea, idArea2, idCurso) VALUES (245, 4, 0,"Fundamentos e Metodologias do Ensino de História","SEM REGÊNCIA", "PAR", "PEPFMHT", 1, 16, null, 6);




INSERT INTO disciplina(idDisciplina, cargaHoraria, cargaHorariaParcial, nome, regencia, semestre, sigla, status, idArea, idArea2, idCurso) VALUES (254, 4, 0,"Algoritmos e Lógica de Programação","INTEGRAL", "AMBOS", "PEPALPR", 1, 5, 5, 4);
INSERT INTO disciplina(idDisciplina, cargaHoraria, cargaHorariaParcial, nome, regencia, semestre, sigla, status, idArea, idArea2, idCurso) VALUES (255, 2, 0,"Informática Básica","INTEGRAL", "AMBOS", "PEPINFB", 1, 5, 5, 4);
INSERT INTO disciplina(idDisciplina, cargaHoraria, cargaHorariaParcial, nome, regencia, semestre, sigla, status, idArea, idArea2, idCurso) VALUES (256, 2, 0,"Web Design","INTEGRAL", "AMBOS", "PEPWEBD", 1, 5, 5, 4);
INSERT INTO disciplina(idDisciplina, cargaHoraria, cargaHorariaParcial, nome, regencia, semestre, sigla, status, idArea, idArea2, idCurso) VALUES (257, 2, 0,"Resolução de Problemas","INTEGRAL", "AMBOS", "PEPREPR", 1, 5, 20, 4);
INSERT INTO disciplina(idDisciplina, cargaHoraria, cargaHorariaParcial, nome, regencia, semestre, sigla, status, idArea, idArea2, idCurso) VALUES (258, 2, 0,"Banco de Dados","SEM REGÊNCIA", "AMBOS", "PEPBNDD", 1, 5, null, 4);
INSERT INTO disciplina(idDisciplina, cargaHoraria, cargaHorariaParcial, nome, regencia, semestre, sigla, status, idArea, idArea2, idCurso) VALUES (259, 2, 0,"Análise e Projetos de Sistemas","SEM REGÊNCIA", "AMBOS", "PEPAPSI", 1, 5, null, 4);
INSERT INTO disciplina(idDisciplina, cargaHoraria, cargaHorariaParcial, nome, regencia, semestre, sigla, status, idArea, idArea2, idCurso) VALUES (260, 4, 0,"Linguagem de Programação I","SEM REGÊNCIA", "AMBOS", "PEPLIP1", 1, 5, null, 4);
INSERT INTO disciplina(idDisciplina, cargaHoraria, cargaHorariaParcial, nome, regencia, semestre, sigla, status, idArea, idArea2, idCurso) VALUES (261, 2, 0,"Informática e Produção Textual","INTEGRAL", "AMBOS", "PEPIPTX", 1, 5, 17, 4);
INSERT INTO disciplina(idDisciplina, cargaHoraria, cargaHorariaParcial, nome, regencia, semestre, sigla, status, idArea, idArea2, idCurso) VALUES (262, 2, 0,"Projeto Integrador","INTEGRAL", "AMBOS", "PEPPRIT", 1, 5, 4, 4);
INSERT INTO disciplina(idDisciplina, cargaHoraria, cargaHorariaParcial, nome, regencia, semestre, sigla, status, idArea, idArea2, idCurso) VALUES (263, 2, 0,"Linguagem de Programação 2","SEM REGÊNCIA", "AMBOS", "PEPLIP2", 1, 5, null, 4);
INSERT INTO disciplina(idDisciplina, cargaHoraria, cargaHorariaParcial, nome, regencia, semestre, sigla, status, idArea, idArea2, idCurso) VALUES (264, 4, 0,"Tópicos em Programação","SEM REGÊNCIA", "AMBOS", "PEPTOPR", 1, 5, null, 4);
INSERT INTO disciplina(idDisciplina, cargaHoraria, cargaHorariaParcial, nome, regencia, semestre, sigla, status, idArea, idArea2, idCurso) VALUES (265, 4, 0,"Algorítmos e Programação I","INTEGRAL", "IMPAR", "PEPALP1", 1, 5, 5, 8);
INSERT INTO disciplina(idDisciplina, cargaHoraria, cargaHorariaParcial, nome, regencia, semestre, sigla, status, idArea, idArea2, idCurso) VALUES (266, 4, 0,"Algorítmos e Programação II","INTEGRAL", "PAR", "PEPALP2", 1, 5, 5, 8);
INSERT INTO disciplina(idDisciplina, cargaHoraria, cargaHorariaParcial, nome, regencia, semestre, sigla, status, idArea, idArea2, idCurso) VALUES (267, 2, 0,"Atividades de Extensão I","SEM REGÊNCIA", "IMPAR", "PEPEXT1", 1, 5, null, 8);
INSERT INTO disciplina(idDisciplina, cargaHoraria, cargaHorariaParcial, nome, regencia, semestre, sigla, status, idArea, idArea2, idCurso) VALUES (268, 4, 0,"Banco de Dados I","SEM REGÊNCIA", "IMPAR", "PEPBDD1", 1, 5, null, 8);
INSERT INTO disciplina(idDisciplina, cargaHoraria, cargaHorariaParcial, nome, regencia, semestre, sigla, status, idArea, idArea2, idCurso) VALUES (269, 4, 0,"Engenharia de Software","SEM REGÊNCIA", "IMPAR", "PEPENGS", 1, 5, null, 8);
INSERT INTO disciplina(idDisciplina, cargaHoraria, cargaHorariaParcial, nome, regencia, semestre, sigla, status, idArea, idArea2, idCurso) VALUES (270, 4, 0,"Estrutura de Dados I","SEM REGÊNCIA", "IMPAR", "PEPEDA1", 1, 5, null, 8);
INSERT INTO disciplina(idDisciplina, cargaHoraria, cargaHorariaParcial, nome, regencia, semestre, sigla, status, idArea, idArea2, idCurso) VALUES (271, 4, 0,"Linguagens de Programação","SEM REGÊNCIA", "IMPAR", "PEPLPRO", 1, 5, null, 8);
INSERT INTO disciplina(idDisciplina, cargaHoraria, cargaHorariaParcial, nome, regencia, semestre, sigla, status, idArea, idArea2, idCurso) VALUES (272, 4, 0,"Programação Orientada a Objetos","INTEGRAL", "IMPAR", "PEPPOOB", 1, 5, 5, 8);
INSERT INTO disciplina(idDisciplina, cargaHoraria, cargaHorariaParcial, nome, regencia, semestre, sigla, status, idArea, idArea2, idCurso) VALUES (273, 4, 0,"Análise e Projeto de Sistemas","SEM REGÊNCIA", "PAR", "PEPAPRS", 1, 5, null, 8);
INSERT INTO disciplina(idDisciplina, cargaHoraria, cargaHorariaParcial, nome, regencia, semestre, sigla, status, idArea, idArea2, idCurso) VALUES (274, 4, 0,"Atividades de Extensão II","SEM REGÊNCIA", "PAR", "PEPEXT2", 1, 5, null, 8);
INSERT INTO disciplina(idDisciplina, cargaHoraria, cargaHorariaParcial, nome, regencia, semestre, sigla, status, idArea, idArea2, idCurso) VALUES (275, 4, 0,"Banco de Dados II","SEM REGÊNCIA", "PAR", "PEPBDD2", 1, 5, null, 8);
INSERT INTO disciplina(idDisciplina, cargaHoraria, cargaHorariaParcial, nome, regencia, semestre, sigla, status, idArea, idArea2, idCurso) VALUES (276, 4, 0,"Estruturas de Dados II","SEM REGÊNCIA", "PAR", "PEPEDA2", 1, 5, null, 8);
INSERT INTO disciplina(idDisciplina, cargaHoraria, cargaHorariaParcial, nome, regencia, semestre, sigla, status, idArea, idArea2, idCurso) VALUES (277, 4, 0,"Ferramentas de Programação I","SEM REGÊNCIA", "PAR", "PEPFPR1", 1, 5, null, 8);
INSERT INTO disciplina(idDisciplina, cargaHoraria, cargaHorariaParcial, nome, regencia, semestre, sigla, status, idArea, idArea2, idCurso) VALUES (278, 2, 0,"Metodologia de Pesquisa","SEM REGÊNCIA", "PAR", "PEPMTPE", 1, 5, null, 8);
INSERT INTO disciplina(idDisciplina, cargaHoraria, cargaHorariaParcial, nome, regencia, semestre, sigla, status, idArea, idArea2, idCurso) VALUES (279, 2, 0,"Análise e Complexidade de Algorítimos","SEM REGÊNCIA", "IMPAR", "PEPACAL", 1, 5, null, 8);
INSERT INTO disciplina(idDisciplina, cargaHoraria, cargaHorariaParcial, nome, regencia, semestre, sigla, status, idArea, idArea2, idCurso) VALUES (280, 4, 0,"Atividade de Extensão III","SEM REGÊNCIA", "IMPAR", "PEPEXT3", 1, 5, null, 8);
INSERT INTO disciplina(idDisciplina, cargaHoraria, cargaHorariaParcial, nome, regencia, semestre, sigla, status, idArea, idArea2, idCurso) VALUES (281, 4, 0,"Ferramentas de Programação II (web))","SEM REGÊNCIA", "IMPAR", "PEPFPR2", 1, 5, null, 8);
INSERT INTO disciplina(idDisciplina, cargaHoraria, cargaHorariaParcial, nome, regencia, semestre, sigla, status, idArea, idArea2, idCurso) VALUES (282, 4, 0,"Gestão de Projetos","SEM REGÊNCIA", "IMPAR", "PEPGEPR", 1, 5, null, 8);
INSERT INTO disciplina(idDisciplina, cargaHoraria, cargaHorariaParcial, nome, regencia, semestre, sigla, status, idArea, idArea2, idCurso) VALUES (283, 4, 0,"Teoria da Computação","SEM REGÊNCIA", "IMPAR", "PEPTECO", 1, 5, null, 8);
INSERT INTO disciplina(idDisciplina, cargaHoraria, cargaHorariaParcial, nome, regencia, semestre, sigla, status, idArea, idArea2, idCurso) VALUES (284, 4, 0,"Atividade de Extensão IV","SEM REGÊNCIA", "PAR", "PEPEXT4", 1, 5, null, 8);
INSERT INTO disciplina(idDisciplina, cargaHoraria, cargaHorariaParcial, nome, regencia, semestre, sigla, status, idArea, idArea2, idCurso) VALUES (285, 4, 0,"Compliadores","SEM REGÊNCIA", "PAR", "PEPCPLD", 1, 5, null, 8);
INSERT INTO disciplina(idDisciplina, cargaHoraria, cargaHorariaParcial, nome, regencia, semestre, sigla, status, idArea, idArea2, idCurso) VALUES (286, 4, 0,"Computação Gráfica","SEM REGÊNCIA", "PAR", "PEPCGRA", 1, 5, null, 8);
INSERT INTO disciplina(idDisciplina, cargaHoraria, cargaHorariaParcial, nome, regencia, semestre, sigla, status, idArea, idArea2, idCurso) VALUES (287, 4, 0,"Ferramentas de Programação III (mobile)","SEM REGÊNCIA", "PAR", "PEPFPR3", 1, 5, null, 8);
INSERT INTO disciplina(idDisciplina, cargaHoraria, cargaHorariaParcial, nome, regencia, semestre, sigla, status, idArea, idArea2, idCurso) VALUES (288, 2, 0,"Interação Humano-Computador","SEM REGÊNCIA", "PAR", "PEPINHC", 1, 5, null, 8);
INSERT INTO disciplina(idDisciplina, cargaHoraria, cargaHorariaParcial, nome, regencia, semestre, sigla, status, idArea, idArea2, idCurso) VALUES (289, 4, 0,"Inteligência Artificial","SEM REGÊNCIA", "IMPAR", "PEPIART", 1, 5, null, 8);
INSERT INTO disciplina(idDisciplina, cargaHoraria, cargaHorariaParcial, nome, regencia, semestre, sigla, status, idArea, idArea2, idCurso) VALUES (290, 2, 0,"Projeto Integrado I","SEM REGÊNCIA", "IMPAR", "PEPPRI1", 1, 5, null, 8);
INSERT INTO disciplina(idDisciplina, cargaHoraria, cargaHorariaParcial, nome, regencia, semestre, sigla, status, idArea, idArea2, idCurso) VALUES (291, 4, 0,"Qualidade de Softaware","SEM REGÊNCIA", "IMPAR", "PEPQSOF", 1, 5, null, 8);
INSERT INTO disciplina(idDisciplina, cargaHoraria, cargaHorariaParcial, nome, regencia, semestre, sigla, status, idArea, idArea2, idCurso) VALUES (292, 4, 0,"Teoria dos Grafos","SEM REGÊNCIA", "IMPAR", "PEPTGRA", 1, 5, null, 8);
INSERT INTO disciplina(idDisciplina, cargaHoraria, cargaHorariaParcial, nome, regencia, semestre, sigla, status, idArea, idArea2, idCurso) VALUES (293, 4, 0,"Aprendizado de Máquinas","SEM REGÊNCIA", "PAR", "PEPAPRM", 1, 5, null, 8);
INSERT INTO disciplina(idDisciplina, cargaHoraria, cargaHorariaParcial, nome, regencia, semestre, sigla, status, idArea, idArea2, idCurso) VALUES (294, 4, 0,"Ciência de Dados","SEM REGÊNCIA", "PAR", "PEPCDAD", 1, 5, null, 8);
INSERT INTO disciplina(idDisciplina, cargaHoraria, cargaHorariaParcial, nome, regencia, semestre, sigla, status, idArea, idArea2, idCurso) VALUES (295, 4, 0,"Projeto Integrado II","SEM REGÊNCIA", "PAR", "PEPPRI2", 1, 5, null, 8);
INSERT INTO disciplina(idDisciplina, cargaHoraria, cargaHorariaParcial, nome, regencia, semestre, sigla, status, idArea, idArea2, idCurso) VALUES (296, 4, 0,"Tópicos em Banco de Dados","SEM REGÊNCIA", "IMPAR", "PEPTPRO", 1, 5, null, 8);
INSERT INTO disciplina(idDisciplina, cargaHoraria, cargaHorariaParcial, nome, regencia, semestre, sigla, status, idArea, idArea2, idCurso) VALUES (297, 4, 0,"Tópicos em Computação","SEM REGÊNCIA", "", "PEPINFR", 1, 5, null, 8);
INSERT INTO disciplina(idDisciplina, cargaHoraria, cargaHorariaParcial, nome, regencia, semestre, sigla, status, idArea, idArea2, idCurso) VALUES (298, 4, 0,"Tópicos em Programação","SEM REGÊNCIA", "", "PEPTBDD", 1, 5, null, 8);
INSERT INTO disciplina(idDisciplina, cargaHoraria, cargaHorariaParcial, nome, regencia, semestre, sigla, status, idArea, idArea2, idCurso) VALUES (299, 4, 0,"Programação 1","INTEGRAL", "PAR", "PEPPRG1", 1, 5, 5, 1);
INSERT INTO disciplina(idDisciplina, cargaHoraria, cargaHorariaParcial, nome, regencia, semestre, sigla, status, idArea, idArea2, idCurso) VALUES (300, 4, 0,"Programação II","INTEGRAL", "IMPAR", "PEPPRG2", 1, 5, 5, 1);
INSERT INTO disciplina(idDisciplina, cargaHoraria, cargaHorariaParcial, nome, regencia, semestre, sigla, status, idArea, idArea2, idCurso) VALUES (301, 2, 0,"Informática Aplicada","SEM REGÊNCIA", "IMPAR", "PEPINFO", 1, 5, null, 14);
INSERT INTO disciplina(idDisciplina, cargaHoraria, cargaHorariaParcial, nome, regencia, semestre, sigla, status, idArea, idArea2, idCurso) VALUES (302, 2, 0,"Informática Aplicada","INTEGRAL", "IMPAR", "PEPINFA", 1, 5, null, 2);
INSERT INTO disciplina(idDisciplina, cargaHoraria, cargaHorariaParcial, nome, regencia, semestre, sigla, status, idArea, idArea2, idCurso) VALUES (303, 2, 0,"Informática Aplicada","SEM REGÊNCIA", "IMPAR", "PEPINFO", 1, 5, null, 3);
INSERT INTO disciplina(idDisciplina, cargaHoraria, cargaHorariaParcial, nome, regencia, semestre, sigla, status, idArea, idArea2, idCurso) VALUES (304, 2, 0,"Informática Básica","SEM REGÊNCIA", "IMPAR", "PEPINFB", 1, 5, 4, 6);
INSERT INTO disciplina(idDisciplina, cargaHoraria, cargaHorariaParcial, nome, regencia, semestre, sigla, status, idArea, idArea2, idCurso) VALUES (305, 4, 0,"Educação e Tecnologias da Informação e Comunicação","SEM REGÊNCIA", "IMPAR", "PEPTDIC", 1, 5, 4, 6);
INSERT INTO disciplina(idDisciplina, cargaHoraria, cargaHorariaParcial, nome, regencia, semestre, sigla, status, idArea, idArea2, idCurso) VALUES (306, 4, 0,"Informática aplicada à Educação","SEM REGÊNCIA", "PAR", "PEPINFE", 1, 5, null, 7);
INSERT INTO disciplina(idDisciplina, cargaHoraria, cargaHorariaParcial, nome, regencia, semestre, sigla, status, idArea, idArea2, idCurso) VALUES (307, 4, 0,"Metodologias ativas e tecnologias para a educação","SEM REGÊNCIA", "PAR", "PEPMATC", 1, 5, null, 7);
INSERT INTO disciplina(idDisciplina, cargaHoraria, cargaHorariaParcial, nome, regencia, semestre, sigla, status, idArea, idArea2, idCurso) VALUES (308, 4, 0,"Tecnologia da Informação Aplicada aos Negócios","SEM REGÊNCIA", "IMPAR", "INFG1", 1, 5, 5, 10);
INSERT INTO disciplina(idDisciplina, cargaHoraria, cargaHorariaParcial, nome, regencia, semestre, sigla, status, idArea, idArea2, idCurso) VALUES (309, 4, 0,"Introdução à Informática","SEM REGÊNCIA", "PAR", "INI-1", 1, 5, 4, 9);
INSERT INTO disciplina(idDisciplina, cargaHoraria, cargaHorariaParcial, nome, regencia, semestre, sigla, status, idArea, idArea2, idCurso) VALUES (310, 4, 0,"Noções de internet e Aplicações","SEM REGÊNCIA", "IMPAR", "NIA-2", 1, 5, 4, 9);
INSERT INTO disciplina(idDisciplina, cargaHoraria, cargaHorariaParcial, nome, regencia, semestre, sigla, status, idArea, idArea2, idCurso) VALUES (311, 2, 0,"Aplicativos de Escritório I","SEM REGÊNCIA", "PAR", "AP1-3", 1, 5, 4, 9);
INSERT INTO disciplina(idDisciplina, cargaHoraria, cargaHorariaParcial, nome, regencia, semestre, sigla, status, idArea, idArea2, idCurso) VALUES (312, 2, 0,"Projeto Integrador I","SEM REGÊNCIA", "PAR", "PI1-3", 1, 5, 4, 9);
INSERT INTO disciplina(idDisciplina, cargaHoraria, cargaHorariaParcial, nome, regencia, semestre, sigla, status, idArea, idArea2, idCurso) VALUES (313, 2, 0,"Aplicativos de Escritório II","SEM REGÊNCIA", "IMPAR", "AP2-4", 1, 5, 4, 9);
INSERT INTO disciplina(idDisciplina, cargaHoraria, cargaHorariaParcial, nome, regencia, semestre, sigla, status, idArea, idArea2, idCurso) VALUES (314, 2, 0,"Projeto Integrador II","SEM REGÊNCIA", "IMPAR", "PI2-4", 1, 5, 4, 9);



INSERT INTO disciplina(idDisciplina, cargaHoraria, cargaHorariaParcial, nome, regencia, semestre, sigla, status, idArea, idArea2, idCurso) VALUES (497, 4, 0,"Programação Web","SEM REGÊNCIA", "AMBOS", "PEPPRWE", 1, 4, null, 4);
INSERT INTO disciplina(idDisciplina, cargaHoraria, cargaHorariaParcial, nome, regencia, semestre, sigla, status, idArea, idArea2, idCurso) VALUES (498, 2, 0,"Redes de Computadores","SEM REGÊNCIA", "AMBOS", "PEPREDC", 1, 4, null, 4);
INSERT INTO disciplina(idDisciplina, cargaHoraria, cargaHorariaParcial, nome, regencia, semestre, sigla, status, idArea, idArea2, idCurso) VALUES (499, 2, 0,"Introdução a Ciência da Computação","SEM REGÊNCIA", "IMPAR", "PEPICCO", 1, 4, null, 8);
INSERT INTO disciplina(idDisciplina, cargaHoraria, cargaHorariaParcial, nome, regencia, semestre, sigla, status, idArea, idArea2, idCurso) VALUES (500, 4, 0,"Arquitetura e Organização de Computadores","SEM REGÊNCIA", "PAR", "PEPAROC", 1, 4, null, 8);
INSERT INTO disciplina(idDisciplina, cargaHoraria, cargaHorariaParcial, nome, regencia, semestre, sigla, status, idArea, idArea2, idCurso) VALUES (501, 2, 0,"Linguagem de Montagem","SEM REGÊNCIA", "IMPAR", "PEPLMON", 1, 4, null, 8);
INSERT INTO disciplina(idDisciplina, cargaHoraria, cargaHorariaParcial, nome, regencia, semestre, sigla, status, idArea, idArea2, idCurso) VALUES (502, 4, 0,"Sistemas Operacionais I","SEM REGÊNCIA", "IMPAR", "PEPSOP1", 1, 4, null, 8);
INSERT INTO disciplina(idDisciplina, cargaHoraria, cargaHorariaParcial, nome, regencia, semestre, sigla, status, idArea, idArea2, idCurso) VALUES (503, 4, 0,"Redes de Computadores I","SEM REGÊNCIA", "PAR", "PEPRCO1", 1, 4, null, 8);
INSERT INTO disciplina(idDisciplina, cargaHoraria, cargaHorariaParcial, nome, regencia, semestre, sigla, status, idArea, idArea2, idCurso) VALUES (504, 4, 0,"Sistemas operacionais II","SEM REGÊNCIA", "PAR", "PEPSOP2", 1, 4, null, 8);
INSERT INTO disciplina(idDisciplina, cargaHoraria, cargaHorariaParcial, nome, regencia, semestre, sigla, status, idArea, idArea2, idCurso) VALUES (505, 4, 0,"Rede de Computadores II","SEM REGÊNCIA", "IMPAR", "PEPRCO2", 1, 4, null, 8);
INSERT INTO disciplina(idDisciplina, cargaHoraria, cargaHorariaParcial, nome, regencia, semestre, sigla, status, idArea, idArea2, idCurso) VALUES (506, 4, 0,"Sistemas Distribuídos","SEM REGÊNCIA", "PAR", "PEPSDIS", 1, 4, null, 8);
INSERT INTO disciplina(idDisciplina, cargaHoraria, cargaHorariaParcial, nome, regencia, semestre, sigla, status, idArea, idArea2, idCurso) VALUES (507, 4, 0,"Segurança Cibernética","SEM REGÊNCIA", "IMPAR", "PEPSEGC", 1, 4, null, 8);
INSERT INTO disciplina(idDisciplina, cargaHoraria, cargaHorariaParcial, nome, regencia, semestre, sigla, status, idArea, idArea2, idCurso) VALUES (508, 2, 0,"Computação e Sociedade","SEM REGÊNCIA", "PAR", "PEPCSOC", 1, 4, null, 8);
INSERT INTO disciplina(idDisciplina, cargaHoraria, cargaHorariaParcial, nome, regencia, semestre, sigla, status, idArea, idArea2, idCurso) VALUES (509, 2, 0,"Governança em Tecnologia da Informação","SEM REGÊNCIA", "PAR", "PEPGOTI", 1, 4, null, 8);
INSERT INTO disciplina(idDisciplina, cargaHoraria, cargaHorariaParcial, nome, regencia, semestre, sigla, status, idArea, idArea2, idCurso) VALUES (510, 4, 0,"Tópicos em Infraestrutura","SEM REGÊNCIA", "PAR", "PEPTCOM", 1, 4, null, 8);
INSERT INTO disciplina(idDisciplina, cargaHoraria, cargaHorariaParcial, nome, regencia, semestre, sigla, status, idArea, idArea2, idCurso) VALUES (511, 4, 0,"Organização e Arquitetura de Computadores","SEM REGÊNCIA", "", "PEPORAC", 1, 4, null, 1);


INSERT INTO disciplina(idDisciplina, cargaHoraria, cargaHorariaParcial, nome, regencia, semestre, sigla, status, idArea, idArea2, idCurso) VALUES (512, 2, 0,"Sociologia 1","SEM REGÊNCIA", "AMBOS", "PEPSOC1", 1, 24, null, 4);
INSERT INTO disciplina(idDisciplina, cargaHoraria, cargaHorariaParcial, nome, regencia, semestre, sigla, status, idArea, idArea2, idCurso) VALUES (513, 2, 0,"Sociologia 2","SEM REGÊNCIA", "AMBOS", "PEPSOC2", 1, 24, null, 4);
INSERT INTO disciplina(idDisciplina, cargaHoraria, cargaHorariaParcial, nome, regencia, semestre, sigla, status, idArea, idArea2, idCurso) VALUES (514, 1, 0,"Sociologia 3","SEM REGÊNCIA", "AMBOS", "PEPSOC3", 1, 24, null, 4);
INSERT INTO disciplina(idDisciplina, cargaHoraria, cargaHorariaParcial, nome, regencia, semestre, sigla, status, idArea, idArea2, idCurso) VALUES (515, 2, 0,"Sociologia","SEM REGÊNCIA", "AMBOS", "PEPSOC-1", 1, 24, null, 5);
INSERT INTO disciplina(idDisciplina, cargaHoraria, cargaHorariaParcial, nome, regencia, semestre, sigla, status, idArea, idArea2, idCurso) VALUES (516, 2, 0,"Sociologia","SEM REGÊNCIA", "AMBOS", "PEPSOC-2", 1, 24, null, 5);
INSERT INTO disciplina(idDisciplina, cargaHoraria, cargaHorariaParcial, nome, regencia, semestre, sigla, status, idArea, idArea2, idCurso) VALUES (517, 1, 0,"Sociologia","SEM REGÊNCIA", "AMBOS", "PEPSOC-3", 1, 24, null, 5);
INSERT INTO disciplina(idDisciplina, cargaHoraria, cargaHorariaParcial, nome, regencia, semestre, sigla, status, idArea, idArea2, idCurso) VALUES (518, 4, 0,"Sociologia da Educação","SEM REGÊNCIA", "PAR", "PEPSOED", 1, 24, null, 6);
INSERT INTO disciplina(idDisciplina, cargaHoraria, cargaHorariaParcial, nome, regencia, semestre, sigla, status, idArea, idArea2, idCurso) VALUES (519, 2, 0,"Sociologia da Educação","SEM REGÊNCIA", "PAR", "PEPSOCL", 1, 24, null, 7);


INSERT INTO disciplina(idDisciplina, cargaHoraria, cargaHorariaParcial, nome, regencia, semestre, sigla, status, idArea, idArea2, idCurso) VALUES (520, 2, 0,"Espanhol Básico","SEM REGÊNCIA", "AMBOS", "PEPESP1", 1, 17, null, 4);
INSERT INTO disciplina(idDisciplina, cargaHoraria, cargaHorariaParcial, nome, regencia, semestre, sigla, status, idArea, idArea2, idCurso) VALUES (521, 2, 0,"Espanhol Intermediário","SEM REGÊNCIA", "AMBOS", "PEPESP2", 1, 17, null, 4);
INSERT INTO disciplina(idDisciplina, cargaHoraria, cargaHorariaParcial, nome, regencia, semestre, sigla, status, idArea, idArea2, idCurso) VALUES (522, 2, 0,"Espanhol Avançado","SEM REGÊNCIA", "AMBOS", "PEPESP3", 1, 17, null, 4);
INSERT INTO disciplina(idDisciplina, cargaHoraria, cargaHorariaParcial, nome, regencia, semestre, sigla, status, idArea, idArea2, idCurso) VALUES (523, 2, 0,"Espanhol Básico","SEM REGÊNCIA", "AMBOS", "PEPESP-1", 1, 17, null, 5);
INSERT INTO disciplina(idDisciplina, cargaHoraria, cargaHorariaParcial, nome, regencia, semestre, sigla, status, idArea, idArea2, idCurso) VALUES (524, 2, 0,"Espanhol Intermediário","SEM REGÊNCIA", "AMBOS", "PEPESP-2", 1, 17, null, 5);
INSERT INTO disciplina(idDisciplina, cargaHoraria, cargaHorariaParcial, nome, regencia, semestre, sigla, status, idArea, idArea2, idCurso) VALUES (525, 2, 0,"Espanhol Avançado","SEM REGÊNCIA", "AMBOS", "PEPESP-3", 1, 17, null, 5);
INSERT INTO disciplina(idDisciplina, cargaHoraria, cargaHorariaParcial, nome, regencia, semestre, sigla, status, idArea, idArea2, idCurso) VALUES (526, 2, 0,"Comunicação e Expressão","SEM REGÊNCIA", "IMPAR", "PEPCOEX", 1, 17, null, 8);
INSERT INTO disciplina(idDisciplina, cargaHoraria, cargaHorariaParcial, nome, regencia, semestre, sigla, status, idArea, idArea2, idCurso) VALUES (527, 2, 0,"Comunicação e Expressão","SEM REGÊNCIA", "IMPAR", "PEPCOEX", 1, 17, null, 1);
INSERT INTO disciplina(idDisciplina, cargaHoraria, cargaHorariaParcial, nome, regencia, semestre, sigla, status, idArea, idArea2, idCurso) VALUES (528, 4, 0,"Leitura, Análise e Produção de Textos","SEM REGÊNCIA", "IMPAR", "PEPLAPT", 1, 17, 18, 6);
INSERT INTO disciplina(idDisciplina, cargaHoraria, cargaHorariaParcial, nome, regencia, semestre, sigla, status, idArea, idArea2, idCurso) VALUES (529, 4, 0,"Leitura e produção de textos","SEM REGÊNCIA", "PAR", "PEPLPDT", 1, 17, null, 7);
INSERT INTO disciplina(idDisciplina, cargaHoraria, cargaHorariaParcial, nome, regencia, semestre, sigla, status, idArea, idArea2, idCurso) VALUES (530, 2, 0,"Teoria literária: correntes da crítica","SEM REGÊNCIA", "PAR", "PEPTLCC", 1, 17, null, 7);
INSERT INTO disciplina(idDisciplina, cargaHoraria, cargaHorariaParcial, nome, regencia, semestre, sigla, status, idArea, idArea2, idCurso) VALUES (531, 4, 0,"Língua Portuguesa: história e palavras","SEM REGÊNCIA", "PAR", "PEPLPHP", 1, 17, null, 7);
INSERT INTO disciplina(idDisciplina, cargaHoraria, cargaHorariaParcial, nome, regencia, semestre, sigla, status, idArea, idArea2, idCurso) VALUES (532, 4, 0,"Leitura e produção de textos acadêmicos","SEM REGÊNCIA", "IMPAR", "PEPLPTA", 1, 17, null, 7);
INSERT INTO disciplina(idDisciplina, cargaHoraria, cargaHorariaParcial, nome, regencia, semestre, sigla, status, idArea, idArea2, idCurso) VALUES (533, 2, 0,"Teoria literária: estudos da narrativa e do poema","SEM REGÊNCIA", "IMPAR", "PEPTLNP", 1, 17, null, 7);
INSERT INTO disciplina(idDisciplina, cargaHoraria, cargaHorariaParcial, nome, regencia, semestre, sigla, status, idArea, idArea2, idCurso) VALUES (534, 4, 0,"Língua Portuguesa: estudos da oração","SEM REGÊNCIA", "IMPAR", "PEPLPEO", 1, 17, null, 7);
INSERT INTO disciplina(idDisciplina, cargaHoraria, cargaHorariaParcial, nome, regencia, semestre, sigla, status, idArea, idArea2, idCurso) VALUES (535, 4, 0,"Língua Portuguesa: processos de coordenação e subordinação","SEM REGÊNCIA", "PAR", "PEPLPPC", 1, 17, null, 7);
INSERT INTO disciplina(idDisciplina, cargaHoraria, cargaHorariaParcial, nome, regencia, semestre, sigla, status, idArea, idArea2, idCurso) VALUES (536, 4, 0,"Literatura Portuguesa: do Trovadorismo ao Romantismo","SEM REGÊNCIA", "PAR", "PEPLPTR", 1, 17, null, 7);
INSERT INTO disciplina(idDisciplina, cargaHoraria, cargaHorariaParcial, nome, regencia, semestre, sigla, status, idArea, idArea2, idCurso) VALUES (537, 4, 0,"Literatura Portuguesa: do Realismo ao Simbolismo","SEM REGÊNCIA", "IMPAR", "PEPLPRP", 1, 17, null, 7);
INSERT INTO disciplina(idDisciplina, cargaHoraria, cargaHorariaParcial, nome, regencia, semestre, sigla, status, idArea, idArea2, idCurso) VALUES (538, 4, 0,"Literatura Brasileira: dos textos informativos ao Naturalismo","SEM REGÊNCIA", "IMPAR", "PEPLBIN", 1, 17, null, 7);
INSERT INTO disciplina(idDisciplina, cargaHoraria, cargaHorariaParcial, nome, regencia, semestre, sigla, status, idArea, idArea2, idCurso) VALUES (539, 2, 0,"Práticas do ensino da Língua Portuguesa no ensino fundamental","SEM REGÊNCIA", "PAR", "PEPPLPF", 1, 17, null, 7);
INSERT INTO disciplina(idDisciplina, cargaHoraria, cargaHorariaParcial, nome, regencia, semestre, sigla, status, idArea, idArea2, idCurso) VALUES (540, 4, 0,"Literatura Brasileira: do Parnasianismo ao Modernismo","SEM REGÊNCIA", "PAR", "PEPLBPM", 1, 17, null, 7);
INSERT INTO disciplina(idDisciplina, cargaHoraria, cargaHorariaParcial, nome, regencia, semestre, sigla, status, idArea, idArea2, idCurso) VALUES (541, 4, 0,"Literaturas africanas em Língua Portuguesa","SEM REGÊNCIA", "IMPAR", "PEPLALP", 1, 17, null, 7);
INSERT INTO disciplina(idDisciplina, cargaHoraria, cargaHorariaParcial, nome, regencia, semestre, sigla, status, idArea, idArea2, idCurso) VALUES (542, 4, 0,"Literatura Brasileira: Pós-modernismo","SEM REGÊNCIA", "IMPAR", "PEPLBPO", 1, 17, null, 7);
INSERT INTO disciplina(idDisciplina, cargaHoraria, cargaHorariaParcial, nome, regencia, semestre, sigla, status, idArea, idArea2, idCurso) VALUES (543, 2, 0,"Práticas do ensino da Língua Portuguesa no ensino médio","SEM REGÊNCIA", "PAR", "PEPPLPM", 1, 17, null, 7);
INSERT INTO disciplina(idDisciplina, cargaHoraria, cargaHorariaParcial, nome, regencia, semestre, sigla, status, idArea, idArea2, idCurso) VALUES (544, 2, 0,"Literatura ocidental","SEM REGÊNCIA", "PAR", "PEPLIOC", 1, 17, null, 7);
INSERT INTO disciplina(idDisciplina, cargaHoraria, cargaHorariaParcial, nome, regencia, semestre, sigla, status, idArea, idArea2, idCurso) VALUES (545, 4, 0,"Literatura infantojuvenil","SEM REGÊNCIA", "IMPAR", "PEPLTIJ", 1, 17, null, 7);
INSERT INTO disciplina(idDisciplina, cargaHoraria, cargaHorariaParcial, nome, regencia, semestre, sigla, status, idArea, idArea2, idCurso) VALUES (546, 4, 0,"Comunicação e Expressão","SEM REGÊNCIA", "IMPAR", "COMG1", 1, 17, null, 10);


INSERT INTO disciplina(idDisciplina, cargaHoraria, cargaHorariaParcial, nome, regencia, semestre, sigla, status, idArea, idArea2, idCurso) VALUES (547, 3, 0,"Língua Portuguesa 1","SEM REGÊNCIA", "AMBOS", "PEPLPR1", 1, 18, null, 4);
INSERT INTO disciplina(idDisciplina, cargaHoraria, cargaHorariaParcial, nome, regencia, semestre, sigla, status, idArea, idArea2, idCurso) VALUES (548, 2, 0,"Inglês 1","SEM REGÊNCIA", "AMBOS", "PEPING1", 1, 18, null, 4);
INSERT INTO disciplina(idDisciplina, cargaHoraria, cargaHorariaParcial, nome, regencia, semestre, sigla, status, idArea, idArea2, idCurso) VALUES (549, 3, 0,"Língua Portuguesa 2","SEM REGÊNCIA", "AMBOS", "PEPLPR2", 1, 18, null, 4);
INSERT INTO disciplina(idDisciplina, cargaHoraria, cargaHorariaParcial, nome, regencia, semestre, sigla, status, idArea, idArea2, idCurso) VALUES (550, 1, 0,"Inglês 2","SEM REGÊNCIA", "AMBOS", "PEPING2", 1, 18, null, 4);
INSERT INTO disciplina(idDisciplina, cargaHoraria, cargaHorariaParcial, nome, regencia, semestre, sigla, status, idArea, idArea2, idCurso) VALUES (551, 2, 0,"Língua Portuguesa 3","SEM REGÊNCIA", "AMBOS", "PEPLPR3", 1, 18, null, 4);
INSERT INTO disciplina(idDisciplina, cargaHoraria, cargaHorariaParcial, nome, regencia, semestre, sigla, status, idArea, idArea2, idCurso) VALUES (552, 2, 0,"Inglês 3","SEM REGÊNCIA", "AMBOS", "PEPING3", 1, 18, null, 4);
INSERT INTO disciplina(idDisciplina, cargaHoraria, cargaHorariaParcial, nome, regencia, semestre, sigla, status, idArea, idArea2, idCurso) VALUES (553, 3, 0,"Língua Portuguesa e Redação","SEM REGÊNCIA", "AMBOS", "PEPLPR-1", 1, 18, null, 5);
INSERT INTO disciplina(idDisciplina, cargaHoraria, cargaHorariaParcial, nome, regencia, semestre, sigla, status, idArea, idArea2, idCurso) VALUES (554, 2, 0,"Inglês","SEM REGÊNCIA", "AMBOS", "PEPING-1", 1, 18, null, 5);
INSERT INTO disciplina(idDisciplina, cargaHoraria, cargaHorariaParcial, nome, regencia, semestre, sigla, status, idArea, idArea2, idCurso) VALUES (555, 3, 0,"Língua Portuguesa e Redação","SEM REGÊNCIA", "AMBOS", "PEPLPR-2", 1, 18, null, 5);
INSERT INTO disciplina(idDisciplina, cargaHoraria, cargaHorariaParcial, nome, regencia, semestre, sigla, status, idArea, idArea2, idCurso) VALUES (556, 1, 0,"Inglês","SEM REGÊNCIA", "AMBOS", "PEPING-2", 1, 18, null, 5);
INSERT INTO disciplina(idDisciplina, cargaHoraria, cargaHorariaParcial, nome, regencia, semestre, sigla, status, idArea, idArea2, idCurso) VALUES (557, 2, 0,"Língua Portuguesa e Redação","SEM REGÊNCIA", "AMBOS", "PEPLPR-3", 1, 18, 17, 5);
INSERT INTO disciplina(idDisciplina, cargaHoraria, cargaHorariaParcial, nome, regencia, semestre, sigla, status, idArea, idArea2, idCurso) VALUES (558, 2, 0,"Inglês","SEM REGÊNCIA", "AMBOS", "PEPING-3", 1, 18, null, 5);
INSERT INTO disciplina(idDisciplina, cargaHoraria, cargaHorariaParcial, nome, regencia, semestre, sigla, status, idArea, idArea2, idCurso) VALUES (559, 2, 0,"Inglês Técnico","SEM REGÊNCIA", "PAR", "PEPINGL", 1, 18, null, 8);
INSERT INTO disciplina(idDisciplina, cargaHoraria, cargaHorariaParcial, nome, regencia, semestre, sigla, status, idArea, idArea2, idCurso) VALUES (560, 2, 0,"Inglês Técnico","SEM REGÊNCIA", "IMPAR", "PEPINGT", 1, 18, null, 1);
INSERT INTO disciplina(idDisciplina, cargaHoraria, cargaHorariaParcial, nome, regencia, semestre, sigla, status, idArea, idArea2, idCurso) VALUES (561, 4, 0,"Fundamentos e Metodologias do Ensino de Língua Portuguesa","SEM REGÊNCIA", "PAR", "PEPFMLP", 1, 18, 17, 6);
INSERT INTO disciplina(idDisciplina, cargaHoraria, cargaHorariaParcial, nome, regencia, semestre, sigla, status, idArea, idArea2, idCurso) VALUES (562, 2, 0,"Linguística","SEM REGÊNCIA", "PAR", "PEPLING", 1, 18, null, 7);
INSERT INTO disciplina(idDisciplina, cargaHoraria, cargaHorariaParcial, nome, regencia, semestre, sigla, status, idArea, idArea2, idCurso) VALUES (563, 4, 0,"Metodologia do trabalho científico","SEM REGÊNCIA", "IMPAR", "PEPMTCI", 1, 18, null, 7);
INSERT INTO disciplina(idDisciplina, cargaHoraria, cargaHorariaParcial, nome, regencia, semestre, sigla, status, idArea, idArea2, idCurso) VALUES (564, 4, 0,"Língua Inglesa 1","SEM REGÊNCIA", "IMPAR", "PEPLIN1", 1, 18, null, 7);
INSERT INTO disciplina(idDisciplina, cargaHoraria, cargaHorariaParcial, nome, regencia, semestre, sigla, status, idArea, idArea2, idCurso) VALUES (565, 4, 0,"Língua Inglesa 2","SEM REGÊNCIA", "PAR", "PEPLIN2", 1, 18, null, 7);
INSERT INTO disciplina(idDisciplina, cargaHoraria, cargaHorariaParcial, nome, regencia, semestre, sigla, status, idArea, idArea2, idCurso) VALUES (566, 4, 0,"Língua Inglesa 3","SEM REGÊNCIA", "IMPAR", "PEPLIN3", 1, 18, null, 7);
INSERT INTO disciplina(idDisciplina, cargaHoraria, cargaHorariaParcial, nome, regencia, semestre, sigla, status, idArea, idArea2, idCurso) VALUES (567, 2, 0,"Fonética e Fonologia","SEM REGÊNCIA", "PAR", "PEPFOFN", 1, 18, null, 7);
INSERT INTO disciplina(idDisciplina, cargaHoraria, cargaHorariaParcial, nome, regencia, semestre, sigla, status, idArea, idArea2, idCurso) VALUES (568, 2, 0,"Sociolinguística","SEM REGÊNCIA", "PAR", "PEPSCLT", 1, 18, null, 7);
INSERT INTO disciplina(idDisciplina, cargaHoraria, cargaHorariaParcial, nome, regencia, semestre, sigla, status, idArea, idArea2, idCurso) VALUES (569, 4, 0,"Língua Inglesa 4","SEM REGÊNCIA", "PAR", "PEPLIN4", 1, 18, null, 7);
INSERT INTO disciplina(idDisciplina, cargaHoraria, cargaHorariaParcial, nome, regencia, semestre, sigla, status, idArea, idArea2, idCurso) VALUES (570, 2, 0,"Práticas de ensino da Língua Inglesa no ensino fundamental","SEM REGÊNCIA", "IMPAR", "PEPPLIF", 1, 18, null, 7);
INSERT INTO disciplina(idDisciplina, cargaHoraria, cargaHorariaParcial, nome, regencia, semestre, sigla, status, idArea, idArea2, idCurso) VALUES (571, 2, 0,"Semântica","SEM REGÊNCIA", "IMPAR", "PEPSEMA", 1, 18, null, 7);
INSERT INTO disciplina(idDisciplina, cargaHoraria, cargaHorariaParcial, nome, regencia, semestre, sigla, status, idArea, idArea2, idCurso) VALUES (572, 4, 0,"Língua Inglesa 5","SEM REGÊNCIA", "IMPAR", "PEPLIN5", 1, 18, null, 7);
INSERT INTO disciplina(idDisciplina, cargaHoraria, cargaHorariaParcial, nome, regencia, semestre, sigla, status, idArea, idArea2, idCurso) VALUES (573, 4, 0,"Estudos do texto e do discurso","SEM REGÊNCIA", "PAR", "PEPETDI", 1, 18, null, 7);
INSERT INTO disciplina(idDisciplina, cargaHoraria, cargaHorariaParcial, nome, regencia, semestre, sigla, status, idArea, idArea2, idCurso) VALUES (574, 2, 0,"Semiótica e multimodalidade","SEM REGÊNCIA", "PAR", "PEPSEMT", 1, 18, null, 7);
INSERT INTO disciplina(idDisciplina, cargaHoraria, cargaHorariaParcial, nome, regencia, semestre, sigla, status, idArea, idArea2, idCurso) VALUES (575, 2, 0,"Literatura inglesa: da lírica ao drama","SEM REGÊNCIA", "PAR", "PEPLILD", 1, 18, null, 7);
INSERT INTO disciplina(idDisciplina, cargaHoraria, cargaHorariaParcial, nome, regencia, semestre, sigla, status, idArea, idArea2, idCurso) VALUES (576, 2, 0,"Literatura norte-americana: poesia","SEM REGÊNCIA", "PAR", "PEPLNPO", 1, 18, null, 7);
INSERT INTO disciplina(idDisciplina, cargaHoraria, cargaHorariaParcial, nome, regencia, semestre, sigla, status, idArea, idArea2, idCurso) VALUES (577, 2, 0,"Língua Inglesa 6","SEM REGÊNCIA", "PAR", "PEPLIN6", 1, 18, null, 7);
INSERT INTO disciplina(idDisciplina, cargaHoraria, cargaHorariaParcial, nome, regencia, semestre, sigla, status, idArea, idArea2, idCurso) VALUES (578, 2, 0,"Práticas do ensino da Língua Inglesa no ensino médio","SEM REGÊNCIA", "IMPAR", "PEPPLIM", 1, 18, null, 7);
INSERT INTO disciplina(idDisciplina, cargaHoraria, cargaHorariaParcial, nome, regencia, semestre, sigla, status, idArea, idArea2, idCurso) VALUES (579, 2, 0,"Estilística","SEM REGÊNCIA", "IMPAR", "PEPESTL", 1, 18, null, 7);
INSERT INTO disciplina(idDisciplina, cargaHoraria, cargaHorariaParcial, nome, regencia, semestre, sigla, status, idArea, idArea2, idCurso) VALUES (580, 2, 0,"Pragmática","SEM REGÊNCIA", "IMPAR", "PEPPRAG", 1, 18, null, 7);
INSERT INTO disciplina(idDisciplina, cargaHoraria, cargaHorariaParcial, nome, regencia, semestre, sigla, status, idArea, idArea2, idCurso) VALUES (581, 2, 0,"Literatura inglesa: autores e obras","SEM REGÊNCIA", "IMPAR", "PEPLIAO", 1, 18, null, 7);
INSERT INTO disciplina(idDisciplina, cargaHoraria, cargaHorariaParcial, nome, regencia, semestre, sigla, status, idArea, idArea2, idCurso) VALUES (582, 2, 0,"Literatura norte-americana: prosa","SEM REGÊNCIA", "IMPAR", "PEPLNPR", 1, 18, null, 7);
INSERT INTO disciplina(idDisciplina, cargaHoraria, cargaHorariaParcial, nome, regencia, semestre, sigla, status, idArea, idArea2, idCurso) VALUES (583, 2, 0,"Língua Inglesa 7","SEM REGÊNCIA", "IMPAR", "PEPLIN7", 1, 18, null, 7);
INSERT INTO disciplina(idDisciplina, cargaHoraria, cargaHorariaParcial, nome, regencia, semestre, sigla, status, idArea, idArea2, idCurso) VALUES (584, 2, 0,"Estudos de Tradução","SEM REGÊNCIA", "PAR", "ETRL7", 1, 18, null, 7);
INSERT INTO disciplina(idDisciplina, cargaHoraria, cargaHorariaParcial, nome, regencia, semestre, sigla, status, idArea, idArea2, idCurso) VALUES (585, 2, 0,"New Literacy Studies","SEM REGÊNCIA", "PAR", "NLSL7", 1, 18, null, 7);
INSERT INTO disciplina(idDisciplina, cargaHoraria, cargaHorariaParcial, nome, regencia, semestre, sigla, status, idArea, idArea2, idCurso) VALUES (586, 2, 0,"Leitura e Produção De Textos","SEM REGÊNCIA", "PAR", "LPTG2", 1, 18, null, 10);


INSERT INTO disciplina(idDisciplina, cargaHoraria, cargaHorariaParcial, nome, regencia, semestre, sigla, status, idArea, idArea2, idCurso) VALUES (587, 3, 0,"Matemática 1","SEM REGÊNCIA", "AMBOS", "PEPMAT1", 1, 20, null, 4);
INSERT INTO disciplina(idDisciplina, cargaHoraria, cargaHorariaParcial, nome, regencia, semestre, sigla, status, idArea, idArea2, idCurso) VALUES (588, 2, 0,"Matemática 2","SEM REGÊNCIA", "AMBOS", "PEPMAT2", 1, 20, null, 4);
INSERT INTO disciplina(idDisciplina, cargaHoraria, cargaHorariaParcial, nome, regencia, semestre, sigla, status, idArea, idArea2, idCurso) VALUES (589, 3, 0,"Matemática 3","SEM REGÊNCIA", "AMBOS", "PEPMAT3", 1, 20, null, 4);
INSERT INTO disciplina(idDisciplina, cargaHoraria, cargaHorariaParcial, nome, regencia, semestre, sigla, status, idArea, idArea2, idCurso) VALUES (590, 3, 0,"Matemática","SEM REGÊNCIA", "AMBOS", "PEPMAT-1", 1, 20, null, 5);
INSERT INTO disciplina(idDisciplina, cargaHoraria, cargaHorariaParcial, nome, regencia, semestre, sigla, status, idArea, idArea2, idCurso) VALUES (591, 2, 0,"Matemática","SEM REGÊNCIA", "AMBOS", "PEPMAT-2", 1, 20, null, 5);
INSERT INTO disciplina(idDisciplina, cargaHoraria, cargaHorariaParcial, nome, regencia, semestre, sigla, status, idArea, idArea2, idCurso) VALUES (592, 3, 0,"Matemática","SEM REGÊNCIA", "AMBOS", "PEPMAT-3", 1, 20, null, 5);
INSERT INTO disciplina(idDisciplina, cargaHoraria, cargaHorariaParcial, nome, regencia, semestre, sigla, status, idArea, idArea2, idCurso) VALUES (593, 4, 0,"Fundamentos da Matemática","SEM REGÊNCIA", "IMPAR", "PEPFMAT", 1, 20, null, 8);
INSERT INTO disciplina(idDisciplina, cargaHoraria, cargaHorariaParcial, nome, regencia, semestre, sigla, status, idArea, idArea2, idCurso) VALUES (594, 2, 0,"Matemática Discreta (Lógica)","SEM REGÊNCIA", "IMPAR", "PEPMDIS", 1, 20, null, 8);
INSERT INTO disciplina(idDisciplina, cargaHoraria, cargaHorariaParcial, nome, regencia, semestre, sigla, status, idArea, idArea2, idCurso) VALUES (595, 4, 0,"Cálculo I","SEM REGÊNCIA", "PAR", "PEPCLC1", 1, 20, null, 8);
INSERT INTO disciplina(idDisciplina, cargaHoraria, cargaHorariaParcial, nome, regencia, semestre, sigla, status, idArea, idArea2, idCurso) VALUES (596, 2, 0,"Cálculo II","SEM REGÊNCIA", "IMPAR", "PEPCLC2", 1, 20, null, 8);
INSERT INTO disciplina(idDisciplina, cargaHoraria, cargaHorariaParcial, nome, regencia, semestre, sigla, status, idArea, idArea2, idCurso) VALUES (597, 4, 0,"Geometria Analítica","SEM REGÊNCIA", "PAR", "PEPGEAN", 1, 20, null, 8);
INSERT INTO disciplina(idDisciplina, cargaHoraria, cargaHorariaParcial, nome, regencia, semestre, sigla, status, idArea, idArea2, idCurso) VALUES (598, 2, 0,"Álgebra Linear","SEM REGÊNCIA", "IMPAR", "PEPALGL", 1, 20, null, 8);
INSERT INTO disciplina(idDisciplina, cargaHoraria, cargaHorariaParcial, nome, regencia, semestre, sigla, status, idArea, idArea2, idCurso) VALUES (599, 2, 0,"Cálculo Numérico","SEM REGÊNCIA", "IMPAR", "PEPCALN", 1, 20, null, 8);
INSERT INTO disciplina(idDisciplina, cargaHoraria, cargaHorariaParcial, nome, regencia, semestre, sigla, status, idArea, idArea2, idCurso) VALUES (600, 4, 0,"Probabilidade de Estatística","SEM REGÊNCIA", "PAR", "PEPPEST", 1, 20, null, 8);
INSERT INTO disciplina(idDisciplina, cargaHoraria, cargaHorariaParcial, nome, regencia, semestre, sigla, status, idArea, idArea2, idCurso) VALUES (601, 4, 0,"Cálculo I","SEM REGÊNCIA", "IMPAR", "PEPCAL1", 1, 20, null, 1);
INSERT INTO disciplina(idDisciplina, cargaHoraria, cargaHorariaParcial, nome, regencia, semestre, sigla, status, idArea, idArea2, idCurso) VALUES (602, 4, 0,"Cálculo 2","SEM REGÊNCIA", "PAR", "PEPCAL2", 1, 20, null, 1);
INSERT INTO disciplina(idDisciplina, cargaHoraria, cargaHorariaParcial, nome, regencia, semestre, sigla, status, idArea, idArea2, idCurso) VALUES (603, 4, 0,"Geometria Analítica e Algebra Linear","SEM REGÊNCIA", "PAR", "PEPGAAL", 1, 20, null, 1);
INSERT INTO disciplina(idDisciplina, cargaHoraria, cargaHorariaParcial, nome, regencia, semestre, sigla, status, idArea, idArea2, idCurso) VALUES (604, 4, 0,"Cálculo III","SEM REGÊNCIA", "IMPAR", "PEPCAL3", 1, 20, null, 1);
INSERT INTO disciplina(idDisciplina, cargaHoraria, cargaHorariaParcial, nome, regencia, semestre, sigla, status, idArea, idArea2, idCurso) VALUES (605, 2, 0,"Matemática Aplicada à Engenharia","SEM REGÊNCIA", "IMPAR", "PEPMAAP", 1, 20, null, 1);
INSERT INTO disciplina(idDisciplina, cargaHoraria, cargaHorariaParcial, nome, regencia, semestre, sigla, status, idArea, idArea2, idCurso) VALUES (606, 4, 0,"Cálculo IV","SEM REGÊNCIA", "PAR", "PEPCAL4", 1, 20, null, 1);
INSERT INTO disciplina(idDisciplina, cargaHoraria, cargaHorariaParcial, nome, regencia, semestre, sigla, status, idArea, idArea2, idCurso) VALUES (607, 2, 0,"Estatística e Probabilidade","SEM REGÊNCIA", "PAR", "PEPEPRO", 1, 20, null, 1);
INSERT INTO disciplina(idDisciplina, cargaHoraria, cargaHorariaParcial, nome, regencia, semestre, sigla, status, idArea, idArea2, idCurso) VALUES (608, 2, 0,"Cálculo Numérico Computacional","SEM REGÊNCIA", "PAR", "PEPCNCP", 1, 20, null, 1);
INSERT INTO disciplina(idDisciplina, cargaHoraria, cargaHorariaParcial, nome, regencia, semestre, sigla, status, idArea, idArea2, idCurso) VALUES (609, 4, 0,"Matemática Aplicada","SEM REGÊNCIA", "IMPAR", "PEPMAPL", 1, 20, null, 14);
INSERT INTO disciplina(idDisciplina, cargaHoraria, cargaHorariaParcial, nome, regencia, semestre, sigla, status, idArea, idArea2, idCurso) VALUES (610, 2, 0,"Matemática Financeira","SEM REGÊNCIA", "PAR", "PEPMAFI", 1, 20, null, 14);
INSERT INTO disciplina(idDisciplina, cargaHoraria, cargaHorariaParcial, nome, regencia, semestre, sigla, status, idArea, idArea2, idCurso) VALUES (611, 2, 0,"Matemática Aplicada","INTEGRAL", "IMPAR", "PEPMATP", 1, 20, null, 2);
INSERT INTO disciplina(idDisciplina, cargaHoraria, cargaHorariaParcial, nome, regencia, semestre, sigla, status, idArea, idArea2, idCurso) VALUES (612, 4, 0,"Matemática Aplicada","SEM REGÊNCIA", "IMPAR", "PEPMATA", 1, 20, null, 11);
INSERT INTO disciplina(idDisciplina, cargaHoraria, cargaHorariaParcial, nome, regencia, semestre, sigla, status, idArea, idArea2, idCurso) VALUES (613, 2, 0,"Introdução ao Pensamento Matemático","SEM REGÊNCIA", "IMPAR", "PEPIPEM", 1, 20, null, 6);
INSERT INTO disciplina(idDisciplina, cargaHoraria, cargaHorariaParcial, nome, regencia, semestre, sigla, status, idArea, idArea2, idCurso) VALUES (614, 4, 0,"Fundamentos e Metodologias do Ensino de Matemática","SEM REGÊNCIA", "PAR", "PEPFMMT", 1, 20, null, 6);
INSERT INTO disciplina(idDisciplina, cargaHoraria, cargaHorariaParcial, nome, regencia, semestre, sigla, status, idArea, idArea2, idCurso) VALUES (615, 2, 0,"Matemática Aplicada","SEM REGÊNCIA", "IMPAR", "MTAG1", 1, 20, null, 10);
INSERT INTO disciplina(idDisciplina, cargaHoraria, cargaHorariaParcial, nome, regencia, semestre, sigla, status, idArea, idArea2, idCurso) VALUES (616, 4, 0,"Matemática Financeira","SEM REGÊNCIA", "PAR", "MTFG2", 1, 20, null, 10);
INSERT INTO disciplina(idDisciplina, cargaHoraria, cargaHorariaParcial, nome, regencia, semestre, sigla, status, idArea, idArea2, idCurso) VALUES (617, 2, 0,"Estatística e Probabilidade","SEM REGÊNCIA", "IMPAR", "ESTG3", 1, 20, null, 10);


INSERT INTO disciplina(idDisciplina, cargaHoraria, cargaHorariaParcial, nome, regencia, semestre, sigla, status, idArea, idArea2, idCurso) VALUES (618, 2, 0,"Desenho Técnico Auxiliado por Computador e Metrologia","INTEGRAL", "AMBOS", "PEPDACM", 1, 21, 21, 5);
INSERT INTO disciplina(idDisciplina, cargaHoraria, cargaHorariaParcial, nome, regencia, semestre, sigla, status, idArea, idArea2, idCurso) VALUES (619, 2, 0,"Tecnologia dos Materiais, Resistência e Ensaios Mecânicos","SEM REGÊNCIA", "AMBOS", "PEPTREM", 1, 21, null, 5);
INSERT INTO disciplina(idDisciplina, cargaHoraria, cargaHorariaParcial, nome, regencia, semestre, sigla, status, idArea, idArea2, idCurso) VALUES (620, 4, 0,"Manutenção e Processos de Fabricação","INTEGRAL", "AMBOS", "PEPMPFA", 1, 21, 21, 5);
INSERT INTO disciplina(idDisciplina, cargaHoraria, cargaHorariaParcial, nome, regencia, semestre, sigla, status, idArea, idArea2, idCurso) VALUES (621, 2, 0,"Pneumática e Hidráulica","INTEGRAL", "AMBOS", "PEPPNHI", 1, 21, 21, 5);
INSERT INTO disciplina(idDisciplina, cargaHoraria, cargaHorariaParcial, nome, regencia, semestre, sigla, status, idArea, idArea2, idCurso) VALUES (622, 4, 0,"Projeto Auxiliado por Computador","SEM REGÊNCIA", "IMPAR", "PEPPJAC", 1, 21, null, 11);
INSERT INTO disciplina(idDisciplina, cargaHoraria, cargaHorariaParcial, nome, regencia, semestre, sigla, status, idArea, idArea2, idCurso) VALUES (623, 2, 0,"Biocombustíveis","SEM REGÊNCIA", "PAR", "PEPBIOC", 1, 21, null, 11);
INSERT INTO disciplina(idDisciplina, cargaHoraria, cargaHorariaParcial, nome, regencia, semestre, sigla, status, idArea, idArea2, idCurso) VALUES (624, 4, 2.0,"Máquinas Térmicas","PARCIAL", "IMPAR", "PEPMAQE", 1, 21, 21, 11);
INSERT INTO disciplina(idDisciplina, cargaHoraria, cargaHorariaParcial, nome, regencia, semestre, sigla, status, idArea, idArea2, idCurso) VALUES (625, 4, 2.0,"Manutenção e Operação de Energia Renovável","PARCIAL", "PAR", "PEPMOSR", 1, 21, 21, 11);


INSERT INTO disciplina(idDisciplina, cargaHoraria, cargaHorariaParcial, nome, regencia, semestre, sigla, status, idArea, idArea2, idCurso) VALUES (626, 4, 0,"Política e Organização Educacional Brasileira","SEM REGÊNCIA", "", "PEPPOEB", 1, 22, null, 1);
INSERT INTO disciplina(idDisciplina, cargaHoraria, cargaHorariaParcial, nome, regencia, semestre, sigla, status, idArea, idArea2, idCurso) VALUES (627, 4, 0,"Didática 1","SEM REGÊNCIA", "", "PEPDIT", 1, 22, null, 1);
INSERT INTO disciplina(idDisciplina, cargaHoraria, cargaHorariaParcial, nome, regencia, semestre, sigla, status, idArea, idArea2, idCurso) VALUES (628, 4, 0,"História da Educação 1","SEM REGÊNCIA", "IMPAR", "PEPHED1", 1, 22, null, 6);
INSERT INTO disciplina(idDisciplina, cargaHoraria, cargaHorariaParcial, nome, regencia, semestre, sigla, status, idArea, idArea2, idCurso) VALUES (629, 4, 0,"Currículo e Escola","SEM REGÊNCIA", "IMPAR", "PEPCURR", 1, 22, null, 6);
INSERT INTO disciplina(idDisciplina, cargaHoraria, cargaHorariaParcial, nome, regencia, semestre, sigla, status, idArea, idArea2, idCurso) VALUES (630, 4, 0,"História da Educação 2","SEM REGÊNCIA", "PAR", "PEPHED2", 1, 22, null, 6);
INSERT INTO disciplina(idDisciplina, cargaHoraria, cargaHorariaParcial, nome, regencia, semestre, sigla, status, idArea, idArea2, idCurso) VALUES (631, 4, 0,"Psicologia da Educação 1","SEM REGÊNCIA", "PAR", "PEPPSI1", 1, 22, null, 6);
INSERT INTO disciplina(idDisciplina, cargaHoraria, cargaHorariaParcial, nome, regencia, semestre, sigla, status, idArea, idArea2, idCurso) VALUES (632, 2, 0,"Metodologia Científica","SEM REGÊNCIA", "PAR", "PEPMECI", 1, 22, null, 6);
INSERT INTO disciplina(idDisciplina, cargaHoraria, cargaHorariaParcial, nome, regencia, semestre, sigla, status, idArea, idArea2, idCurso) VALUES (633, 2, 0,"Formação Docente: Identidade Docente, Competências e Saberes","SEM REGÊNCIA", "PAR", "PEPDOC", 1, 22, null, 6);
INSERT INTO disciplina(idDisciplina, cargaHoraria, cargaHorariaParcial, nome, regencia, semestre, sigla, status, idArea, idArea2, idCurso) VALUES (634, 4, 0,"Didática 1","SEM REGÊNCIA", "PAR", "PEPDID1", 1, 22, null, 6);
INSERT INTO disciplina(idDisciplina, cargaHoraria, cargaHorariaParcial, nome, regencia, semestre, sigla, status, idArea, idArea2, idCurso) VALUES (635, 4, 0,"Política e Organização Educacional Brasileira","SEM REGÊNCIA", "IMPAR", "PEPPOEB", 1, 22, null, 6);
INSERT INTO disciplina(idDisciplina, cargaHoraria, cargaHorariaParcial, nome, regencia, semestre, sigla, status, idArea, idArea2, idCurso) VALUES (636, 4, 0,"Didática 2","SEM REGÊNCIA", "IMPAR", "PEPDID2", 1, 22, null, 6);
INSERT INTO disciplina(idDisciplina, cargaHoraria, cargaHorariaParcial, nome, regencia, semestre, sigla, status, idArea, idArea2, idCurso) VALUES (637, 4, 0,"Psicologia da Educação 2","SEM REGÊNCIA", "IMPAR", "PEPPSI2", 1, 22, null, 6);
INSERT INTO disciplina(idDisciplina, cargaHoraria, cargaHorariaParcial, nome, regencia, semestre, sigla, status, idArea, idArea2, idCurso) VALUES (638, 4, 0,"Fundamentos e Diretrizes da Educação Infantil","SEM REGÊNCIA", "IMPAR", "PEPEINF", 1, 22, null, 6);
INSERT INTO disciplina(idDisciplina, cargaHoraria, cargaHorariaParcial, nome, regencia, semestre, sigla, status, idArea, idArea2, idCurso) VALUES (639, 2, 0,"Atividades de Extensão 1","SEM REGÊNCIA", "IMPAR", "PEPEXC1", 1, 22, null, 6);
INSERT INTO disciplina(idDisciplina, cargaHoraria, cargaHorariaParcial, nome, regencia, semestre, sigla, status, idArea, idArea2, idCurso) VALUES (640, 4, 0,"Pesquisa em Educação","SEM REGÊNCIA", "PAR", "PEPPEDU", 1, 22, null, 6);
INSERT INTO disciplina(idDisciplina, cargaHoraria, cargaHorariaParcial, nome, regencia, semestre, sigla, status, idArea, idArea2, idCurso) VALUES (641, 2, 0,"Atividades Lúdicas e Infância","SEM REGÊNCIA", "PAR", "PEPALUD", 1, 22, null, 6);
INSERT INTO disciplina(idDisciplina, cargaHoraria, cargaHorariaParcial, nome, regencia, semestre, sigla, status, idArea, idArea2, idCurso) VALUES (642, 4, 0,"Práticas Educacionais 1 - Educação Infantil","SEM REGÊNCIA", "IMPAR", "PEPPRA1", 1, 22, null, 6);
INSERT INTO disciplina(idDisciplina, cargaHoraria, cargaHorariaParcial, nome, regencia, semestre, sigla, status, idArea, idArea2, idCurso) VALUES (643, 4, 0,"Alfabetização e Letramento","SEM REGÊNCIA", "IMPAR", "PEPALLE", 1, 22, null, 6);
INSERT INTO disciplina(idDisciplina, cargaHoraria, cargaHorariaParcial, nome, regencia, semestre, sigla, status, idArea, idArea2, idCurso) VALUES (644, 4, 0,"Educação Especial e Inclusão","SEM REGÊNCIA", "IMPAR", "PEPEESP", 1, 22, null, 6);
INSERT INTO disciplina(idDisciplina, cargaHoraria, cargaHorariaParcial, nome, regencia, semestre, sigla, status, idArea, idArea2, idCurso) VALUES (645, 2, 0,"Educação para as Relações Étnico-Raciais e Indígenas","SEM REGÊNCIA", "IMPAR", "PEPRERI", 1, 22, null, 6);
INSERT INTO disciplina(idDisciplina, cargaHoraria, cargaHorariaParcial, nome, regencia, semestre, sigla, status, idArea, idArea2, idCurso) VALUES (646, 4, 0,"Práticas Educacionais 2 - Ensino Fundamental","SEM REGÊNCIA", "PAR", "PEPPRA2", 1, 22, null, 6);
INSERT INTO disciplina(idDisciplina, cargaHoraria, cargaHorariaParcial, nome, regencia, semestre, sigla, status, idArea, idArea2, idCurso) VALUES (647, 4, 0,"Gestão Escolar 1","SEM REGÊNCIA", "PAR", "PEPGES1", 1, 22, null, 6);
INSERT INTO disciplina(idDisciplina, cargaHoraria, cargaHorariaParcial, nome, regencia, semestre, sigla, status, idArea, idArea2, idCurso) VALUES (648, 4, 0,"Avaliação Educacional","SEM REGÊNCIA", "PAR", "PEPAVAL", 1, 22, null, 6);
INSERT INTO disciplina(idDisciplina, cargaHoraria, cargaHorariaParcial, nome, regencia, semestre, sigla, status, idArea, idArea2, idCurso) VALUES (649, 4, 0,"Educação para a Diversidade e Direitos Humanos","SEM REGÊNCIA", "IMPAR", "PEPEDDH", 1, 22, 9, 6);
INSERT INTO disciplina(idDisciplina, cargaHoraria, cargaHorariaParcial, nome, regencia, semestre, sigla, status, idArea, idArea2, idCurso) VALUES (650, 2, 0,"Gestão Escolar 2","SEM REGÊNCIA", "IMPAR", "PEPGES2", 1, 22, null, 6);
INSERT INTO disciplina(idDisciplina, cargaHoraria, cargaHorariaParcial, nome, regencia, semestre, sigla, status, idArea, idArea2, idCurso) VALUES (651, 2, 0,"Atuação do Pedagogo em Espaços Não-Escolares","SEM REGÊNCIA", "IMPAR", "PEPAPEN", 1, 22, null, 6);
INSERT INTO disciplina(idDisciplina, cargaHoraria, cargaHorariaParcial, nome, regencia, semestre, sigla, status, idArea, idArea2, idCurso) VALUES (652, 2, 0,"Atividades de Extensão 2","SEM REGÊNCIA", "IMPAR", "PEPEXC2", 1, 22, null, 6);
INSERT INTO disciplina(idDisciplina, cargaHoraria, cargaHorariaParcial, nome, regencia, semestre, sigla, status, idArea, idArea2, idCurso) VALUES (653, 4, 0,"Práticas Educacionais 3 - Gestão","SEM REGÊNCIA", "IMPAR", "PEPPRA3", 1, 22, null, 6);
INSERT INTO disciplina(idDisciplina, cargaHoraria, cargaHorariaParcial, nome, regencia, semestre, sigla, status, idArea, idArea2, idCurso) VALUES (654, 2, 0,"Teoria e Prática da Literatura Infanto-Juvenil","SEM REGÊNCIA", "PAR", "PEPLITE", 1, 22, null, 6);
INSERT INTO disciplina(idDisciplina, cargaHoraria, cargaHorariaParcial, nome, regencia, semestre, sigla, status, idArea, idArea2, idCurso) VALUES (655, 2, 0,"Ética Profissional e Responsabilidade Social","SEM REGÊNCIA", "PAR", "PEPETIC", 1, 22, null, 6);
INSERT INTO disciplina(idDisciplina, cargaHoraria, cargaHorariaParcial, nome, regencia, semestre, sigla, status, idArea, idArea2, idCurso) VALUES (656, 2, 0,"Fundamentos e Metodologias em Educação do Campo","SEM REGÊNCIA", "PAR", "PEPCAMP", 1, 22, null, 6);
INSERT INTO disciplina(idDisciplina, cargaHoraria, cargaHorariaParcial, nome, regencia, semestre, sigla, status, idArea, idArea2, idCurso) VALUES (657, 2, 0,"Fundamentos e Metodologias em Educação de Jovens e Adultos","SEM REGÊNCIA", "PAR", "PEPFEJA", 1, 22, null, 6);
INSERT INTO disciplina(idDisciplina, cargaHoraria, cargaHorariaParcial, nome, regencia, semestre, sigla, status, idArea, idArea2, idCurso) VALUES (658, 2, 0,"Atividades de Extensão 3","SEM REGÊNCIA", "PAR", "PEPEXC3", 1, 22, null, 6);
INSERT INTO disciplina(idDisciplina, cargaHoraria, cargaHorariaParcial, nome, regencia, semestre, sigla, status, idArea, idArea2, idCurso) VALUES (659, 4, 0,"Práticas Educacionais 4 - Projetos Interdisciplinares em Espaços Educacionais Escolares e Não-Escolares","SEM REGÊNCIA", "PAR", "PEPPRA4", 1, 22, null, 6);
INSERT INTO disciplina(idDisciplina, cargaHoraria, cargaHorariaParcial, nome, regencia, semestre, sigla, status, idArea, idArea2, idCurso) VALUES (660, 2, 0,"Relações Interpessoais na Escola","SEM REGÊNCIA", "IMPAR", "PEPREIE", 1, 22, null, 6);
INSERT INTO disciplina(idDisciplina, cargaHoraria, cargaHorariaParcial, nome, regencia, semestre, sigla, status, idArea, idArea2, idCurso) VALUES (661, 2, 0,"Desafios da Aprendizagem numa Perspectiva Inclusiva","SEM REGÊNCIA", "", "PEPDAPI", 1, 22, null, 6);
INSERT INTO disciplina(idDisciplina, cargaHoraria, cargaHorariaParcial, nome, regencia, semestre, sigla, status, idArea, idArea2, idCurso) VALUES (662, 2, 0,"Práticas Educativas e Formação Docente","SEM REGÊNCIA", "PAR", "PEPPEFD", 1, 22, null, 6);
INSERT INTO disciplina(idDisciplina, cargaHoraria, cargaHorariaParcial, nome, regencia, semestre, sigla, status, idArea, idArea2, idCurso) VALUES (663, 2, 0,"Processos Formativos, Identidades e Diferenças","SEM REGÊNCIA", "", "PEPPFID", 1, 22, null, 6);
INSERT INTO disciplina(idDisciplina, cargaHoraria, cargaHorariaParcial, nome, regencia, semestre, sigla, status, idArea, idArea2, idCurso) VALUES (664, 4, 0,"Psicologia da Educação","SEM REGÊNCIA", "PAR", "PEPPSIC", 1, 22, null, 7);
INSERT INTO disciplina(idDisciplina, cargaHoraria, cargaHorariaParcial, nome, regencia, semestre, sigla, status, idArea, idArea2, idCurso) VALUES (665, 2, 0,"História da Educação","SEM REGÊNCIA", "IMPAR", "PEPHISE", 1, 22, null, 7);
INSERT INTO disciplina(idDisciplina, cargaHoraria, cargaHorariaParcial, nome, regencia, semestre, sigla, status, idArea, idArea2, idCurso) VALUES (666, 2, 0,"Fundamentos da Educação de Jovens e Adultos","SEM REGÊNCIA", "IMPAR", "PEPFEJA", 1, 22, null, 7);
INSERT INTO disciplina(idDisciplina, cargaHoraria, cargaHorariaParcial, nome, regencia, semestre, sigla, status, idArea, idArea2, idCurso) VALUES (667, 4, 0,"Currículo e organização do trabalho educacional","SEM REGÊNCIA", "PAR", "PEPCOTE", 1, 22, null, 7);
INSERT INTO disciplina(idDisciplina, cargaHoraria, cargaHorariaParcial, nome, regencia, semestre, sigla, status, idArea, idArea2, idCurso) VALUES (668, 2, 0,"Alfabetização e letramento","SEM REGÊNCIA", "PAR", "PEPALFL", 1, 22, null, 7);
INSERT INTO disciplina(idDisciplina, cargaHoraria, cargaHorariaParcial, nome, regencia, semestre, sigla, status, idArea, idArea2, idCurso) VALUES (669, 4, 0,"Estrutura e funcionamento da Educação Básica","SEM REGÊNCIA", "IMPAR", "PEPEFEB", 1, 22, null, 7);
INSERT INTO disciplina(idDisciplina, cargaHoraria, cargaHorariaParcial, nome, regencia, semestre, sigla, status, idArea, idArea2, idCurso) VALUES (670, 4, 0,"Didática","SEM REGÊNCIA", "IMPAR", "PEPDIDA", 1, 22, null, 7);
INSERT INTO disciplina(idDisciplina, cargaHoraria, cargaHorariaParcial, nome, regencia, semestre, sigla, status, idArea, idArea2, idCurso) VALUES (671, 4, 0,"Aprendizagem e avaliação","SEM REGÊNCIA", "PAR", "PEPAPRA", 1, 22, null, 7);
INSERT INTO disciplina(idDisciplina, cargaHoraria, cargaHorariaParcial, nome, regencia, semestre, sigla, status, idArea, idArea2, idCurso) VALUES (672, 4, 0,"Educação especial e inclusão","SEM REGÊNCIA", "IMPAR", "PEPEEIN", 1, 22, null, 7);
INSERT INTO disciplina(idDisciplina, cargaHoraria, cargaHorariaParcial, nome, regencia, semestre, sigla, status, idArea, idArea2, idCurso) VALUES (673, 2, 0,"Educação para as relações étnico-raciais","SEM REGÊNCIA", "IMPAR", "PEPERER", 1, 22, null, 7);
INSERT INTO disciplina(idDisciplina, cargaHoraria, cargaHorariaParcial, nome, regencia, semestre, sigla, status, idArea, idArea2, idCurso) VALUES (674, 2, 0,"Pedagogia de Projetos","SEM REGÊNCIA", "IMPAR", "PEPL8", 1, 22, null, 7);
INSERT INTO disciplina(idDisciplina, cargaHoraria, cargaHorariaParcial, nome, regencia, semestre, sigla, status, idArea, idArea2, idCurso) VALUES (675, 2, 0,"Contação de Histórias","SEM REGÊNCIA", "IMPAR", "COHL8", 1, 22, null, 7);


INSERT INTO disciplina(idDisciplina, cargaHoraria, cargaHorariaParcial, nome, regencia, semestre, sigla, status, idArea, idArea2, idCurso) VALUES (676, 2, 0,"Química 1","SEM REGÊNCIA", "AMBOS", "PEPQUI1", 1, 23, null, 4);
INSERT INTO disciplina(idDisciplina, cargaHoraria, cargaHorariaParcial, nome, regencia, semestre, sigla, status, idArea, idArea2, idCurso) VALUES (677, 1, 0,"Química 2","SEM REGÊNCIA", "AMBOS", "PEPQUI2", 1, 23, null, 4);
INSERT INTO disciplina(idDisciplina, cargaHoraria, cargaHorariaParcial, nome, regencia, semestre, sigla, status, idArea, idArea2, idCurso) VALUES (678, 2, 0,"Química 3","SEM REGÊNCIA", "AMBOS", "PEPQUI3", 1, 23, null, 4);
INSERT INTO disciplina(idDisciplina, cargaHoraria, cargaHorariaParcial, nome, regencia, semestre, sigla, status, idArea, idArea2, idCurso) VALUES (679, 2, 0,"Química","SEM REGÊNCIA", "AMBOS", "PEPQUI-1", 1, 23, null, 5);
INSERT INTO disciplina(idDisciplina, cargaHoraria, cargaHorariaParcial, nome, regencia, semestre, sigla, status, idArea, idArea2, idCurso) VALUES (680, 1, 0,"Química","SEM REGÊNCIA", "AMBOS", "PEPQUI-2", 1, 23, null, 5);
INSERT INTO disciplina(idDisciplina, cargaHoraria, cargaHorariaParcial, nome, regencia, semestre, sigla, status, idArea, idArea2, idCurso) VALUES (681, 2, 0,"Química","SEM REGÊNCIA", "AMBOS", "PEPQUI-3", 1, 23, null, 5);
INSERT INTO disciplina(idDisciplina, cargaHoraria, cargaHorariaParcial, nome, regencia, semestre, sigla, status, idArea, idArea2, idCurso) VALUES (682, 4, 2.0,"Químíca","PARCIAL", "IMPAR", "PEPQUIM", 1, 23, 23, 1);

INSERT INTO disciplina(idDisciplina, cargaHoraria, cargaHorariaParcial, nome, regencia, semestre, sigla, status, idArea, idArea2, idCurso) VALUES (683, 2, 0,"Libras","SEM REGÊNCIA", "AMBOS", "PEPLIBI", 1, 19, null, 4);
INSERT INTO disciplina(idDisciplina, cargaHoraria, cargaHorariaParcial, nome, regencia, semestre, sigla, status, idArea, idArea2, idCurso) VALUES (684, 2, 0,"Libras","SEM REGÊNCIA", "AMBOS", "PEPLIBI", 1, 19, null, 5);
INSERT INTO disciplina(idDisciplina, cargaHoraria, cargaHorariaParcial, nome, regencia, semestre, sigla, status, idArea, idArea2, idCurso) VALUES (685, 2, 0,"Libras","SEM REGÊNCIA", "", "PEPLIBG", 1, 19, null, 8);
INSERT INTO disciplina(idDisciplina, cargaHoraria, cargaHorariaParcial, nome, regencia, semestre, sigla, status, idArea, idArea2, idCurso) VALUES (686, 2, 0,"Libras","SEM REGÊNCIA", "PAR", "PEPLIBG", 1, 19, null, 1);
INSERT INTO disciplina(idDisciplina, cargaHoraria, cargaHorariaParcial, nome, regencia, semestre, sigla, status, idArea, idArea2, idCurso) VALUES (687, 2, 0,"Libras","SEM REGÊNCIA", "PAR", "PEPLIBR", 1, 19, null, 11);
INSERT INTO disciplina(idDisciplina, cargaHoraria, cargaHorariaParcial, nome, regencia, semestre, sigla, status, idArea, idArea2, idCurso) VALUES (688, 2, 0,"Língua Brasileira de Sinais 1","SEM REGÊNCIA", "PAR", "PEPLIB1", 1, 19, null, 6);
INSERT INTO disciplina(idDisciplina, cargaHoraria, cargaHorariaParcial, nome, regencia, semestre, sigla, status, idArea, idArea2, idCurso) VALUES (689, 2, 0,"Língua Brasileira de Sinais 2","SEM REGÊNCIA", "IMPAR", "PEPLIB2", 1, 19, null, 6);
INSERT INTO disciplina(idDisciplina, cargaHoraria, cargaHorariaParcial, nome, regencia, semestre, sigla, status, idArea, idArea2, idCurso) VALUES (690, 2, 0,"Libras","SEM REGÊNCIA", "PAR", "PEPLIBL", 1, 19, null, 7);
INSERT INTO disciplina(idDisciplina, cargaHoraria, cargaHorariaParcial, nome, regencia, semestre, sigla, status, idArea, idArea2, idCurso) VALUES (691, 2, 0,"Língua Brasileira de Sinais","SEM REGÊNCIA", "", "LIBG0", 1, 19, null, 10);
INSERT INTO disciplina(idDisciplina, cargaHoraria, cargaHorariaParcial, nome, regencia, semestre, sigla, status, idArea, idArea2, idCurso) VALUES (692, 2, 0,"Libras","SEM REGÊNCIA", "PAR", "LBS-0", 1, 19, null, 9);

